-- phpMyAdmin SQL Dump
-- version 4.9.0.1
-- https://www.phpmyadmin.net/
--
-- Host: 127.0.0.1
-- Waktu pembuatan: 25 Agu 2021 pada 08.48
-- Versi server: 10.3.16-MariaDB
-- Versi PHP: 7.3.7

SET SQL_MODE = "NO_AUTO_VALUE_ON_ZERO";
SET AUTOCOMMIT = 0;
START TRANSACTION;
SET time_zone = "+00:00";


/*!40101 SET @OLD_CHARACTER_SET_CLIENT=@@CHARACTER_SET_CLIENT */;
/*!40101 SET @OLD_CHARACTER_SET_RESULTS=@@CHARACTER_SET_RESULTS */;
/*!40101 SET @OLD_COLLATION_CONNECTION=@@COLLATION_CONNECTION */;
/*!40101 SET NAMES utf8mb4 */;

--
-- Database: `si_terbaru`
--

-- --------------------------------------------------------

--
-- Struktur dari tabel `tabel_absensi`
--

CREATE TABLE `tabel_absensi` (
  `no` int(11) NOT NULL,
  `id_jadwal` int(11) DEFAULT NULL,
  `id_siswa` varchar(15) DEFAULT NULL,
  `tanggal_absensi` date DEFAULT NULL,
  `masuk` time DEFAULT NULL
) ENGINE=InnoDB DEFAULT CHARSET=latin1;

--
-- Dumping data untuk tabel `tabel_absensi`
--

INSERT INTO `tabel_absensi` (`no`, `id_jadwal`, `id_siswa`, `tanggal_absensi`, `masuk`) VALUES
(145, 40, '56950270', '2020-01-20', '07:47:16'),
(146, 40, '58646667', '2020-01-20', '07:47:28'),
(147, 40, '56013362', '2020-01-20', '07:47:34'),
(148, 40, '68027554', '2020-01-20', '07:47:42'),
(149, 40, '56314487', '2020-01-20', '07:47:47'),
(150, 40, '52023285', '2020-01-20', '07:47:53'),
(151, 40, '69669421', '2020-01-20', '07:49:52'),
(152, 40, '54482985', '2020-01-20', '07:49:57'),
(153, 40, '59317789', '2020-01-20', '07:50:02'),
(154, 40, '68622094', '2020-01-20', '07:50:08'),
(155, 40, '65642031', '2020-01-20', '07:50:18'),
(156, 40, '54135071', '2020-01-20', '07:50:31'),
(157, 40, '65616491', '2020-01-20', '07:50:37'),
(158, 40, '52396121', '2020-01-20', '07:50:42'),
(159, 40, '62533694', '2020-01-20', '07:50:46'),
(160, 40, '68462192', '2020-01-20', '07:50:51'),
(161, 40, '56425281', '2020-01-20', '07:50:55'),
(162, 40, '64277501', '2020-01-20', '07:50:58'),
(163, 40, '64908827', '2020-01-20', '07:51:06'),
(164, 40, '65062364', '2020-01-20', '07:51:09'),
(165, 40, '56549369', '2020-01-20', '07:51:12'),
(166, 40, '54947120', '2020-01-20', '07:51:16'),
(167, 40, '63629680', '2020-01-20', '07:51:18'),
(168, 40, '67623948', '2020-01-20', '07:51:21'),
(169, 40, '65144950', '2020-01-20', '07:51:25'),
(170, 40, '62066469', '2020-01-20', '07:51:27'),
(171, 40, '65937524', '2020-01-20', '07:51:32'),
(172, 40, '58024685', '2020-01-20', '07:51:36'),
(173, 40, '64072145', '2020-01-20', '07:51:39'),
(174, 40, '68178713', '2020-01-20', '07:51:43'),
(175, 40, '53645310', '2020-01-20', '07:51:49'),
(176, 40, '67842325', '2020-01-20', '07:51:52'),
(177, 41, '56950270', '2020-01-20', '09:17:16'),
(178, 41, '58646667', '2020-01-20', '09:17:28'),
(179, 41, '56013362', '2020-01-20', '09:17:34'),
(180, 41, '68027554', '2020-01-20', '09:17:42'),
(181, 41, '56314487', '2020-01-20', '09:17:47'),
(182, 41, '52023285', '2020-01-20', '09:17:53'),
(183, 41, '69669421', '2020-01-20', '09:19:52'),
(184, 41, '54482985', '2020-01-20', '09:19:57'),
(185, 41, '59317789', '2020-01-20', '09:20:02'),
(186, 41, '68622094', '2020-01-20', '09:20:08'),
(187, 41, '65642031', '2020-01-20', '09:20:18'),
(188, 41, '54135071', '2020-01-20', '09:20:31'),
(189, 41, '65616491', '2020-01-20', '09:20:37'),
(190, 41, '52396121', '2020-01-20', '09:20:42'),
(191, 41, '62533694', '2020-01-20', '09:20:46'),
(192, 41, '68462192', '2020-01-20', '09:20:51'),
(193, 41, '56425281', '2020-01-20', '09:20:55'),
(194, 41, '64277501', '2020-01-20', '09:20:58'),
(195, 41, '64908827', '2020-01-20', '09:21:06'),
(196, 41, '65062364', '2020-01-20', '09:21:09'),
(197, 41, '56549369', '2020-01-20', '09:21:12'),
(198, 41, '54947120', '2020-01-20', '09:21:16'),
(199, 41, '63629680', '2020-01-20', '09:21:18'),
(200, 41, '67623948', '2020-01-20', '09:21:21'),
(201, 41, '65144950', '2020-01-20', '09:21:25'),
(202, 41, '62066469', '2020-01-20', '09:21:27'),
(203, 41, '65937524', '2020-01-20', '09:21:32'),
(204, 41, '58024685', '2020-01-20', '09:21:36'),
(205, 41, '64072145', '2020-01-20', '09:21:39'),
(206, 41, '68178713', '2020-01-20', '09:21:43'),
(207, 41, '53645310', '2020-01-20', '09:21:49'),
(208, 41, '67842325', '2020-01-20', '09:21:52'),
(209, 42, '56950270', '2020-01-20', '10:37:16'),
(210, 42, '58646667', '2020-01-20', '10:37:28'),
(211, 42, '56013362', '2020-01-20', '10:37:34'),
(212, 42, '68027554', '2020-01-20', '10:37:42'),
(213, 42, '56314487', '2020-01-20', '10:37:47'),
(214, 42, '52023285', '2020-01-20', '10:37:53'),
(215, 42, '69669421', '2020-01-20', '10:39:52'),
(216, 42, '54482985', '2020-01-20', '10:39:57'),
(217, 42, '59317789', '2020-01-20', '10:40:02'),
(218, 42, '68622094', '2020-01-20', '10:40:08'),
(219, 42, '65642031', '2020-01-20', '10:40:18'),
(220, 42, '54135071', '2020-01-20', '10:40:31'),
(221, 42, '65616491', '2020-01-20', '10:40:37'),
(222, 42, '52396121', '2020-01-20', '10:40:42'),
(223, 42, '62533694', '2020-01-20', '10:40:46'),
(224, 42, '68462192', '2020-01-20', '10:40:51'),
(225, 42, '56425281', '2020-01-20', '10:40:55'),
(226, 42, '64277501', '2020-01-20', '10:40:58'),
(227, 42, '64908827', '2020-01-20', '10:41:06'),
(228, 42, '65062364', '2020-01-20', '10:41:09'),
(229, 42, '56549369', '2020-01-20', '10:41:12'),
(230, 42, '54947120', '2020-01-20', '10:41:16'),
(231, 42, '63629680', '2020-01-20', '10:41:18'),
(232, 42, '67623948', '2020-01-20', '10:41:21'),
(233, 42, '65144950', '2020-01-20', '10:41:25'),
(234, 42, '62066469', '2020-01-20', '10:41:27'),
(235, 42, '65937524', '2020-01-20', '10:41:32'),
(236, 42, '58024685', '2020-01-20', '10:41:36'),
(237, 42, '64072145', '2020-01-20', '10:41:39'),
(238, 42, '68178713', '2020-01-20', '10:41:43'),
(239, 42, '53645310', '2020-01-20', '10:41:49'),
(240, 42, '67842325', '2020-01-20', '10:41:52'),
(241, 43, '56950270', '2020-01-20', '11:37:16'),
(242, 43, '58646667', '2020-01-20', '11:37:28'),
(243, 43, '56013362', '2020-01-20', '11:37:34'),
(244, 43, '68027554', '2020-01-20', '11:37:42'),
(245, 43, '56314487', '2020-01-20', '11:37:47'),
(246, 43, '52023285', '2020-01-20', '11:37:53'),
(247, 43, '69669421', '2020-01-20', '11:39:52'),
(248, 43, '54482985', '2020-01-20', '11:39:57'),
(249, 43, '59317789', '2020-01-20', '11:40:02'),
(250, 43, '68622094', '2020-01-20', '11:40:08'),
(251, 43, '65642031', '2020-01-20', '11:40:18'),
(252, 43, '54135071', '2020-01-20', '11:40:31'),
(253, 43, '65616491', '2020-01-20', '11:40:37'),
(254, 43, '52396121', '2020-01-20', '11:40:42'),
(255, 43, '62533694', '2020-01-20', '11:40:46'),
(256, 43, '68462192', '2020-01-20', '11:40:51'),
(257, 43, '56425281', '2020-01-20', '11:40:55'),
(258, 43, '64277501', '2020-01-20', '11:40:58'),
(259, 43, '64908827', '2020-01-20', '11:41:06'),
(260, 43, '65062364', '2020-01-20', '11:41:09'),
(261, 43, '56549369', '2020-01-20', '11:41:12'),
(262, 43, '54947120', '2020-01-20', '11:41:16'),
(263, 43, '63629680', '2020-01-20', '11:41:18'),
(264, 43, '67623948', '2020-01-20', '11:41:21'),
(265, 43, '65144950', '2020-01-20', '11:41:25'),
(266, 43, '62066469', '2020-01-20', '11:41:27'),
(267, 43, '65937524', '2020-01-20', '11:41:32'),
(268, 43, '58024685', '2020-01-20', '11:41:36'),
(269, 43, '64072145', '2020-01-20', '11:41:39'),
(270, 43, '68178713', '2020-01-20', '11:41:43'),
(271, 43, '53645310', '2020-01-20', '11:41:49'),
(272, 43, '67842325', '2020-01-20', '11:41:52'),
(273, 44, '56950270', '2020-01-21', '07:10:16'),
(274, 44, '58646667', '2020-01-21', '07:10:20'),
(275, 44, '56013362', '2020-01-21', '07:10:44'),
(276, 44, '68027554', '2020-01-21', '07:10:50'),
(277, 44, '56314487', '2020-01-21', '07:10:59'),
(278, 44, '52023285', '2020-01-21', '07:11:30'),
(279, 44, '69669421', '2020-01-21', '07:11:52'),
(280, 44, '54482985', '2020-01-21', '07:12:05'),
(281, 44, '59317789', '2020-01-21', '07:12:10'),
(282, 44, '68622094', '2020-01-21', '07:12:19'),
(283, 44, '65642031', '2020-01-21', '07:12:24'),
(284, 44, '54135071', '2020-01-21', '07:12:31'),
(285, 44, '65616491', '2020-01-21', '07:12:37'),
(286, 44, '52396121', '2020-01-21', '07:12:45'),
(287, 44, '62533694', '2020-01-21', '07:12:55'),
(288, 44, '68462192', '2020-01-21', '07:13:01'),
(289, 44, '56425281', '2020-01-21', '07:13:10'),
(290, 44, '64277501', '2020-01-21', '07:13:16'),
(291, 44, '64908827', '2020-01-21', '07:13:21'),
(292, 44, '65062364', '2020-01-21', '07:13:29'),
(293, 44, '56549369', '2020-01-21', '07:13:34'),
(294, 44, '54947120', '2020-01-21', '07:13:40'),
(295, 44, '63629680', '2020-01-21', '07:13:48'),
(296, 44, '67623948', '2020-01-21', '07:13:54'),
(297, 44, '65144950', '2020-01-21', '07:14:00'),
(298, 44, '62066469', '2020-01-21', '07:14:10'),
(299, 44, '65937524', '2020-01-21', '07:14:16'),
(300, 44, '58024685', '2020-01-21', '07:14:21'),
(301, 44, '64072145', '2020-01-21', '07:14:26'),
(302, 44, '68178713', '2020-01-21', '07:14:30'),
(303, 44, '53645310', '2020-01-21', '07:14:49'),
(304, 44, '67842325', '2020-01-21', '07:14:52'),
(305, 45, '56950270', '2020-01-21', '09:16:16'),
(306, 45, '58646667', '2020-01-21', '09:16:22'),
(307, 45, '56013362', '2020-01-21', '09:16:29'),
(308, 45, '68027554', '2020-01-21', '09:16:36'),
(309, 45, '56314487', '2020-01-21', '09:16:46'),
(310, 45, '52023285', '2020-01-21', '09:16:52'),
(311, 45, '69669421', '2020-01-21', '09:17:00'),
(312, 45, '54482985', '2020-01-21', '09:17:05'),
(313, 45, '59317789', '2020-01-21', '09:17:13'),
(314, 45, '68622094', '2020-01-21', '09:17:19'),
(315, 45, '65642031', '2020-01-21', '09:17:24'),
(316, 45, '54135071', '2020-01-21', '09:17:32'),
(317, 45, '65616491', '2020-01-21', '09:17:39'),
(318, 45, '52396121', '2020-01-21', '09:17:47'),
(319, 45, '62533694', '2020-01-21', '09:17:57'),
(320, 45, '68462192', '2020-01-21', '09:18:06'),
(321, 45, '56425281', '2020-01-21', '09:18:12'),
(322, 45, '64277501', '2020-01-21', '09:18:17'),
(323, 45, '64908827', '2020-01-21', '09:18:24'),
(324, 45, '65062364', '2020-01-21', '09:18:29'),
(325, 45, '56549369', '2020-01-21', '09:18:36'),
(326, 45, '54947120', '2020-01-21', '09:18:40'),
(327, 45, '63629680', '2020-01-21', '09:18:48'),
(328, 45, '67623948', '2020-01-21', '09:18:55'),
(329, 45, '65144950', '2020-01-21', '09:19:00'),
(330, 45, '62066469', '2020-01-21', '09:19:09'),
(331, 45, '65937524', '2020-01-21', '09:19:11'),
(332, 45, '58024685', '2020-01-21', '09:19:19'),
(333, 45, '64072145', '2020-01-21', '09:19:25'),
(334, 45, '68178713', '2020-01-21', '09:19:32'),
(335, 45, '53645310', '2020-01-21', '09:19:40'),
(336, 45, '67842325', '2020-01-21', '09:19:44'),
(337, 46, '56950270', '2020-01-21', '10:35:10'),
(338, 46, '58646667', '2020-01-21', '10:35:14'),
(339, 46, '56013362', '2020-01-21', '10:35:20'),
(340, 46, '68027554', '2020-01-21', '10:35:25'),
(341, 46, '56314487', '2020-01-21', '10:35:31'),
(342, 46, '52023285', '2020-01-21', '10:35:36'),
(343, 46, '69669421', '2020-01-21', '10:35:40'),
(344, 46, '54482985', '2020-01-21', '10:35:44'),
(345, 46, '59317789', '2020-01-21', '10:35:52'),
(346, 46, '68622094', '2020-01-21', '10:35:59'),
(347, 46, '65642031', '2020-01-21', '10:36:03'),
(348, 46, '54135071', '2020-01-21', '10:36:09'),
(349, 46, '65616491', '2020-01-21', '10:36:14'),
(350, 46, '52396121', '2020-01-21', '10:36:19'),
(351, 46, '62533694', '2020-01-21', '10:36:23'),
(352, 46, '68462192', '2020-01-21', '10:36:30'),
(353, 46, '56425281', '2020-01-21', '10:36:36'),
(354, 46, '64277501', '2020-01-21', '10:36:41'),
(355, 46, '64908827', '2020-01-21', '10:36:47'),
(356, 46, '65062364', '2020-01-21', '10:36:52'),
(357, 46, '56549369', '2020-01-21', '10:37:00'),
(358, 46, '54947120', '2020-01-21', '10:37:05'),
(359, 46, '63629680', '2020-01-21', '10:37:09'),
(360, 46, '67623948', '2020-01-21', '10:37:14'),
(361, 46, '65144950', '2020-01-21', '10:37:20'),
(362, 46, '62066469', '2020-01-21', '10:37:26'),
(363, 46, '65937524', '2020-01-21', '10:37:29'),
(364, 46, '58024685', '2020-01-21', '10:37:34'),
(365, 46, '64072145', '2020-01-21', '10:37:38'),
(366, 46, '68178713', '2020-01-21', '10:37:42'),
(367, 46, '53645310', '2020-01-21', '10:37:47'),
(368, 46, '67842325', '2020-01-21', '10:37:54'),
(369, 47, '56950270', '2020-01-21', '11:32:10'),
(370, 47, '58646667', '2020-01-21', '11:32:14'),
(371, 47, '56013362', '2020-01-21', '11:32:21'),
(372, 47, '68027554', '2020-01-21', '11:32:26'),
(373, 47, '56314487', '2020-01-21', '11:32:30'),
(374, 47, '52023285', '2020-01-21', '11:32:35'),
(375, 47, '69669421', '2020-01-21', '11:32:42'),
(376, 47, '54482985', '2020-01-21', '11:32:49'),
(377, 47, '59317789', '2020-01-21', '11:32:54'),
(378, 47, '68622094', '2020-01-21', '11:33:01'),
(379, 47, '65642031', '2020-01-21', '11:33:05'),
(380, 47, '54135071', '2020-01-21', '11:33:09'),
(381, 47, '65616491', '2020-01-21', '11:33:14'),
(382, 47, '52396121', '2020-01-21', '11:33:20'),
(383, 47, '62533694', '2020-01-21', '11:33:25'),
(384, 47, '68462192', '2020-01-21', '11:33:31'),
(385, 47, '56425281', '2020-01-21', '11:33:36'),
(386, 47, '64277501', '2020-01-21', '11:33:42'),
(387, 47, '64908827', '2020-01-21', '11:33:47'),
(388, 47, '65062364', '2020-01-21', '11:33:51'),
(389, 47, '56549369', '2020-01-21', '11:33:57'),
(390, 47, '54947120', '2020-01-21', '11:34:02'),
(391, 47, '63629680', '2020-01-21', '11:34:08'),
(392, 47, '67623948', '2020-01-21', '11:34:13'),
(393, 47, '65144950', '2020-01-21', '11:34:19'),
(394, 47, '62066469', '2020-01-21', '11:34:24'),
(395, 47, '65937524', '2020-01-21', '11:34:30'),
(396, 47, '58024685', '2020-01-21', '11:34:36'),
(397, 47, '64072145', '2020-01-21', '11:34:39'),
(398, 47, '68178713', '2020-01-21', '11:34:45'),
(399, 47, '53645310', '2020-01-21', '11:34:50'),
(400, 47, '67842325', '2020-01-21', '11:34:56'),
(401, 48, '56950270', '2020-01-22', '07:05:04'),
(402, 48, '58646667', '2020-01-22', '07:05:10'),
(403, 48, '56013362', '2020-01-22', '07:05:14'),
(404, 48, '68027554', '2020-01-22', '07:05:19'),
(405, 48, '56314487', '2020-01-22', '07:05:26'),
(406, 48, '52023285', '2020-01-22', '07:05:30'),
(407, 48, '69669421', '2020-01-22', '07:05:39'),
(408, 48, '54482985', '2020-01-22', '07:05:43'),
(409, 48, '59317789', '2020-01-22', '07:05:48'),
(410, 48, '68622094', '2020-01-22', '07:05:52'),
(411, 48, '65642031', '2020-01-22', '07:05:58'),
(412, 48, '54135071', '2020-01-22', '07:06:03'),
(413, 48, '65616491', '2020-01-22', '07:06:08'),
(414, 48, '52396121', '2020-01-22', '07:06:12'),
(415, 48, '62533694', '2020-01-22', '07:06:16'),
(416, 48, '68462192', '2020-01-22', '07:06:20'),
(417, 48, '56425281', '2020-01-22', '07:06:27'),
(418, 48, '64277501', '2020-01-22', '07:06:33'),
(419, 48, '64908827', '2020-01-22', '07:06:38'),
(420, 48, '65062364', '2020-01-22', '07:06:42'),
(421, 48, '56549369', '2020-01-22', '07:06:47'),
(422, 48, '54947120', '2020-01-22', '07:06:51'),
(423, 48, '63629680', '2020-01-22', '07:06:56'),
(424, 48, '67623948', '2020-01-22', '07:07:00'),
(425, 48, '65144950', '2020-01-22', '07:07:06'),
(426, 48, '62066469', '2020-01-22', '07:07:11'),
(427, 48, '65937524', '2020-01-22', '07:07:17'),
(428, 48, '58024685', '2020-01-22', '07:07:21'),
(429, 48, '64072145', '2020-01-22', '07:07:25'),
(430, 48, '68178713', '2020-01-22', '07:07:30'),
(431, 48, '53645310', '2020-01-22', '07:07:36'),
(432, 48, '67842325', '2020-01-22', '07:07:41'),
(433, 49, '56950270', '2020-01-22', '08:23:04'),
(434, 49, '58646667', '2020-01-22', '08:23:11'),
(435, 49, '56013362', '2020-01-22', '08:23:16'),
(436, 49, '68027554', '2020-01-22', '08:23:21'),
(437, 49, '56314487', '2020-01-22', '08:23:28'),
(438, 49, '52023285', '2020-01-22', '08:23:32'),
(439, 49, '69669421', '2020-01-22', '08:23:39'),
(440, 49, '54482985', '2020-01-22', '08:23:44'),
(441, 49, '59317789', '2020-01-22', '08:23:49'),
(442, 49, '68622094', '2020-01-22', '08:23:55'),
(443, 49, '65642031', '2020-01-22', '08:23:59'),
(444, 49, '54135071', '2020-01-22', '08:24:03'),
(445, 49, '65616491', '2020-01-22', '08:24:07'),
(446, 49, '52396121', '2020-01-22', '08:24:13'),
(447, 49, '62533694', '2020-01-22', '08:24:18'),
(448, 49, '68462192', '2020-01-22', '08:24:21'),
(449, 49, '56425281', '2020-01-22', '08:24:26'),
(450, 49, '64277501', '2020-01-22', '08:24:30'),
(451, 49, '64908827', '2020-01-22', '08:24:35'),
(452, 49, '65062364', '2020-01-22', '08:24:41'),
(453, 49, '56549369', '2020-01-22', '08:24:46'),
(454, 49, '54947120', '2020-01-22', '08:24:51'),
(455, 49, '63629680', '2020-01-22', '08:24:57'),
(456, 49, '67623948', '2020-01-22', '08:25:01'),
(457, 49, '65144950', '2020-01-22', '08:25:06'),
(458, 49, '62066469', '2020-01-22', '08:25:12'),
(459, 49, '65937524', '2020-01-22', '08:25:18'),
(460, 49, '58024685', '2020-01-22', '08:25:23'),
(461, 49, '64072145', '2020-01-22', '08:25:28'),
(462, 49, '68178713', '2020-01-22', '08:25:34'),
(463, 49, '53645310', '2020-01-22', '08:25:40'),
(464, 49, '67842325', '2020-01-22', '08:25:44'),
(465, 50, '56950270', '2020-01-22', '09:18:03'),
(466, 50, '58646667', '2020-01-22', '09:18:10'),
(467, 50, '56013362', '2020-01-22', '09:18:14'),
(468, 50, '68027554', '2020-01-22', '09:18:20'),
(469, 50, '56314487', '2020-01-22', '09:18:26'),
(470, 50, '52023285', '2020-01-22', '09:18:30'),
(471, 50, '69669421', '2020-01-22', '09:18:35'),
(472, 50, '54482985', '2020-01-22', '09:18:39'),
(473, 50, '59317789', '2020-01-22', '09:18:43'),
(474, 50, '68622094', '2020-01-22', '09:18:49'),
(475, 50, '65642031', '2020-01-22', '09:18:56'),
(476, 50, '54135071', '2020-01-22', '09:19:03'),
(477, 50, '65616491', '2020-01-22', '09:19:08'),
(478, 50, '52396121', '2020-01-22', '09:19:12'),
(479, 50, '62533694', '2020-01-22', '09:19:19'),
(480, 50, '68462192', '2020-01-22', '09:19:22'),
(481, 50, '56425281', '2020-01-22', '09:19:28'),
(482, 50, '64277501', '2020-01-22', '09:19:32'),
(483, 50, '64908827', '2020-01-22', '09:19:36'),
(484, 50, '65062364', '2020-01-22', '09:19:40'),
(485, 50, '56549369', '2020-01-22', '09:19:46'),
(486, 50, '54947120', '2020-01-22', '09:19:53'),
(487, 50, '63629680', '2020-01-22', '09:19:59'),
(488, 50, '67623948', '2020-01-22', '09:20:04'),
(489, 50, '65144950', '2020-01-22', '09:20:09'),
(490, 50, '62066469', '2020-01-22', '09:20:14'),
(491, 50, '65937524', '2020-01-22', '09:20:19'),
(492, 50, '58024685', '2020-01-22', '09:20:24'),
(493, 50, '64072145', '2020-01-22', '09:20:30'),
(494, 50, '68178713', '2020-01-22', '09:20:34'),
(495, 50, '53645310', '2020-01-22', '09:20:39'),
(496, 50, '67842325', '2020-01-22', '09:20:45'),
(497, 51, '56950270', '2020-01-22', '10:36:59'),
(498, 51, '58646667', '2020-01-22', '10:37:04'),
(499, 51, '56013362', '2020-01-22', '10:37:09'),
(500, 51, '68027554', '2020-01-22', '10:37:13'),
(501, 51, '56314487', '2020-01-22', '10:37:18'),
(502, 51, '52023285', '2020-01-22', '10:37:21'),
(503, 51, '69669421', '2020-01-22', '10:37:26'),
(504, 51, '54482985', '2020-01-22', '10:37:30'),
(505, 51, '59317789', '2020-01-22', '10:37:34'),
(506, 51, '68622094', '2020-01-22', '10:37:39'),
(507, 51, '65642031', '2020-01-22', '10:37:44'),
(508, 51, '54135071', '2020-01-22', '10:37:50'),
(509, 51, '65616491', '2020-01-22', '10:37:56'),
(510, 51, '52396121', '2020-01-22', '10:38:00'),
(511, 51, '62533694', '2020-01-22', '10:38:05'),
(512, 51, '68462192', '2020-01-22', '10:38:09'),
(513, 51, '56425281', '2020-01-22', '10:38:14'),
(514, 51, '64277501', '2020-01-22', '10:38:19'),
(515, 51, '64908827', '2020-01-22', '10:38:24'),
(516, 51, '65062364', '2020-01-22', '10:38:29'),
(517, 51, '56549369', '2020-01-22', '10:38:33'),
(518, 51, '54947120', '2020-01-22', '10:38:38'),
(519, 51, '63629680', '2020-01-22', '10:38:42'),
(520, 51, '67623948', '2020-01-22', '10:38:48'),
(521, 51, '65144950', '2020-01-22', '10:38:56'),
(522, 51, '62066469', '2020-01-22', '10:39:03'),
(523, 51, '65937524', '2020-01-22', '10:39:10'),
(524, 51, '58024685', '2020-01-22', '10:39:15'),
(525, 51, '64072145', '2020-01-22', '10:39:21'),
(526, 51, '68178713', '2020-01-22', '10:39:26'),
(527, 51, '53645310', '2020-01-22', '10:39:30'),
(528, 51, '67842325', '2020-01-22', '10:39:34'),
(529, 52, '56950270', '2020-01-22', '11:35:05'),
(530, 52, '58646667', '2020-01-22', '11:35:09'),
(531, 52, '56013362', '2020-01-22', '11:35:13'),
(532, 52, '68027554', '2020-01-22', '11:35:18'),
(533, 52, '56314487', '2020-01-22', '11:35:23'),
(534, 52, '52023285', '2020-01-22', '11:35:27'),
(535, 52, '69669421', '2020-01-22', '11:35:32'),
(536, 52, '54482985', '2020-01-22', '11:35:38'),
(537, 52, '59317789', '2020-01-22', '11:35:42'),
(538, 52, '68622094', '2020-01-22', '11:35:47'),
(539, 52, '65642031', '2020-01-22', '11:35:54'),
(540, 52, '54135071', '2020-01-22', '11:36:01'),
(541, 52, '65616491', '2020-01-22', '11:36:06'),
(542, 52, '52396121', '2020-01-22', '11:36:10'),
(543, 52, '62533694', '2020-01-22', '11:36:14'),
(544, 52, '68462192', '2020-01-22', '11:36:19'),
(545, 52, '56425281', '2020-01-22', '11:36:24'),
(546, 52, '64277501', '2020-01-22', '11:36:29'),
(547, 52, '64908827', '2020-01-22', '11:36:33'),
(548, 52, '65062364', '2020-01-22', '11:36:38'),
(549, 52, '56549369', '2020-01-22', '11:36:43'),
(550, 52, '54947120', '2020-01-22', '11:36:49'),
(551, 52, '63629680', '2020-01-22', '11:36:54'),
(552, 52, '67623948', '2020-01-22', '11:37:00'),
(553, 52, '65144950', '2020-01-22', '11:37:04'),
(554, 52, '62066469', '2020-01-22', '11:37:09'),
(555, 52, '65937524', '2020-01-22', '11:37:15'),
(556, 52, '58024685', '2020-01-22', '11:37:22'),
(557, 52, '64072145', '2020-01-22', '11:37:28'),
(558, 52, '68178713', '2020-01-22', '11:37:34'),
(559, 52, '53645310', '2020-01-22', '11:37:39'),
(560, 52, '67842325', '2020-01-22', '11:37:43'),
(561, 53, '56950270', '2020-01-23', '07:06:04'),
(562, 53, '58646667', '2020-01-23', '07:06:09'),
(563, 53, '56013362', '2020-01-23', '07:06:13'),
(564, 53, '68027554', '2020-01-23', '07:06:18'),
(565, 53, '56314487', '2020-01-23', '07:06:23'),
(566, 53, '52023285', '2020-01-23', '07:06:27'),
(567, 53, '69669421', '2020-01-23', '07:06:33'),
(568, 53, '54482985', '2020-01-23', '07:06:38'),
(569, 53, '59317789', '2020-01-23', '07:06:42'),
(570, 53, '68622094', '2020-01-23', '07:06:47'),
(571, 53, '65642031', '2020-01-23', '07:06:56'),
(572, 53, '54135071', '2020-01-23', '07:07:02'),
(573, 53, '65616491', '2020-01-23', '07:07:07'),
(574, 53, '52396121', '2020-01-23', '07:07:12'),
(575, 53, '62533694', '2020-01-23', '07:07:19'),
(576, 53, '68462192', '2020-01-23', '07:07:23'),
(577, 53, '56425281', '2020-01-23', '07:07:29'),
(578, 53, '64277501', '2020-01-23', '07:07:34'),
(579, 53, '64908827', '2020-01-23', '07:07:38'),
(580, 53, '65062364', '2020-01-23', '07:07:41'),
(581, 53, '56549369', '2020-01-23', '07:07:47'),
(582, 53, '54947120', '2020-01-23', '07:07:54'),
(583, 53, '63629680', '2020-01-23', '07:07:57'),
(584, 53, '67623948', '2020-01-23', '07:08:01'),
(585, 53, '65144950', '2020-01-23', '07:08:05'),
(586, 53, '62066469', '2020-01-23', '07:08:11'),
(587, 53, '65937524', '2020-01-23', '07:08:16'),
(588, 53, '58024685', '2020-01-23', '07:08:20'),
(589, 53, '64072145', '2020-01-23', '07:08:27'),
(590, 53, '68178713', '2020-01-23', '07:08:33'),
(591, 53, '53645310', '2020-01-23', '07:08:39'),
(592, 53, '67842325', '2020-01-23', '07:08:44'),
(593, 54, '56950270', '2020-01-23', '08:26:03'),
(594, 54, '58646667', '2020-01-23', '08:26:08'),
(595, 54, '56013362', '2020-01-23', '08:26:12'),
(596, 54, '68027554', '2020-01-23', '08:26:17'),
(597, 54, '56314487', '2020-01-23', '08:26:22'),
(598, 54, '52023285', '2020-01-23', '08:26:26'),
(599, 54, '69669421', '2020-01-23', '08:26:31'),
(600, 54, '54482985', '2020-01-23', '08:26:37'),
(601, 54, '59317789', '2020-01-23', '08:26:41'),
(602, 54, '68622094', '2020-01-23', '08:26:46'),
(603, 54, '65642031', '2020-01-23', '08:26:55'),
(604, 54, '54135071', '2020-01-23', '08:27:02'),
(605, 54, '65616491', '2020-01-23', '08:27:07'),
(606, 54, '52396121', '2020-01-23', '08:27:12'),
(607, 54, '62533694', '2020-01-23', '08:27:19'),
(608, 54, '68462192', '2020-01-23', '08:27:23'),
(609, 54, '56425281', '2020-01-23', '08:27:29'),
(610, 54, '64277501', '2020-01-23', '08:27:34'),
(611, 54, '64908827', '2020-01-23', '08:27:38'),
(612, 54, '65062364', '2020-01-23', '08:27:41'),
(613, 54, '56549369', '2020-01-23', '08:27:47'),
(614, 54, '54947120', '2020-01-23', '08:27:54'),
(615, 54, '63629680', '2020-01-23', '08:28:57'),
(616, 54, '67623948', '2020-01-23', '08:28:03'),
(617, 54, '65144950', '2020-01-23', '08:28:06'),
(618, 54, '62066469', '2020-01-23', '08:28:12'),
(619, 54, '65937524', '2020-01-23', '08:28:17'),
(620, 54, '58024685', '2020-01-23', '08:28:21'),
(621, 54, '64072145', '2020-01-23', '08:28:28'),
(622, 54, '68178713', '2020-01-23', '08:28:34'),
(623, 54, '53645310', '2020-01-23', '08:28:40'),
(624, 54, '67842325', '2020-01-23', '08:28:46'),
(625, 55, '56950270', '2020-01-23', '09:17:04'),
(626, 55, '58646667', '2020-01-23', '09:17:09'),
(627, 55, '56013362', '2020-01-23', '09:17:13'),
(628, 55, '68027554', '2020-01-23', '09:17:18'),
(629, 55, '56314487', '2020-01-23', '09:17:23'),
(630, 55, '52023285', '2020-01-23', '09:17:27'),
(631, 55, '69669421', '2020-01-23', '09:17:32'),
(632, 55, '54482985', '2020-01-23', '09:17:38'),
(633, 55, '59317789', '2020-01-23', '09:17:42'),
(634, 55, '68622094', '2020-01-23', '09:17:47'),
(635, 55, '65642031', '2020-01-23', '09:17:58'),
(636, 55, '54135071', '2020-01-23', '09:18:03'),
(637, 55, '65616491', '2020-01-23', '09:18:09'),
(638, 55, '52396121', '2020-01-23', '09:18:14'),
(639, 55, '62533694', '2020-01-23', '09:18:23'),
(640, 55, '68462192', '2020-01-23', '09:18:28'),
(641, 55, '56425281', '2020-01-23', '09:18:32'),
(642, 55, '64277501', '2020-01-23', '09:18:37'),
(643, 55, '64908827', '2020-01-23', '09:18:41'),
(644, 55, '65062364', '2020-01-23', '09:18:46'),
(645, 55, '56549369', '2020-01-23', '09:18:50'),
(646, 55, '54947120', '2020-01-23', '09:18:55'),
(647, 55, '63629680', '2020-01-23', '09:18:59'),
(648, 55, '67623948', '2020-01-23', '09:19:02'),
(649, 55, '65144950', '2020-01-23', '09:19:05'),
(650, 55, '62066469', '2020-01-23', '09:19:11'),
(651, 55, '65937524', '2020-01-23', '09:19:15'),
(652, 55, '58024685', '2020-01-23', '09:19:20'),
(653, 55, '64072145', '2020-01-23', '09:19:26'),
(654, 55, '68178713', '2020-01-23', '09:19:30'),
(655, 55, '53645310', '2020-01-23', '09:19:35'),
(656, 55, '67842325', '2020-01-23', '09:19:39'),
(657, 56, '56950270', '2020-01-23', '10:36:40'),
(658, 56, '58646667', '2020-01-23', '10:36:46'),
(659, 56, '56013362', '2020-01-23', '10:36:50'),
(660, 56, '68027554', '2020-01-23', '10:36:54'),
(661, 56, '56314487', '2020-01-23', '10:37:00'),
(662, 56, '52023285', '2020-01-23', '10:37:05'),
(663, 56, '69669421', '2020-01-23', '10:37:09'),
(664, 56, '54482985', '2020-01-23', '10:37:14'),
(665, 56, '59317789', '2020-01-23', '10:37:19'),
(666, 56, '68622094', '2020-01-23', '10:37:23'),
(667, 56, '65642031', '2020-01-23', '10:37:28'),
(668, 56, '54135071', '2020-01-23', '10:37:31'),
(669, 56, '65616491', '2020-01-23', '10:37:36'),
(670, 56, '52396121', '2020-01-23', '10:37:40'),
(671, 56, '62533694', '2020-01-23', '10:37:45'),
(672, 56, '68462192', '2020-01-23', '10:37:49'),
(673, 56, '56425281', '2020-01-23', '10:37:53'),
(674, 56, '64277501', '2020-01-23', '10:37:58'),
(675, 56, '64908827', '2020-01-23', '10:38:03'),
(676, 56, '65062364', '2020-01-23', '10:38:08'),
(677, 56, '56549369', '2020-01-23', '10:38:12'),
(678, 56, '54947120', '2020-01-23', '10:38:16'),
(679, 56, '63629680', '2020-01-23', '10:38:20'),
(680, 56, '67623948', '2020-01-23', '10:38:26'),
(681, 56, '65144950', '2020-01-23', '10:38:31'),
(682, 56, '62066469', '2020-01-23', '10:38:37'),
(683, 56, '65937524', '2020-01-23', '10:38:42'),
(684, 56, '58024685', '2020-01-23', '10:38:48'),
(685, 56, '64072145', '2020-01-23', '10:38:51'),
(686, 56, '68178713', '2020-01-23', '10:38:57'),
(687, 56, '53645310', '2020-01-23', '10:39:04'),
(688, 56, '67842325', '2020-01-23', '10:39:10'),
(689, 57, '56950270', '2020-01-23', '11:34:42'),
(690, 57, '58646667', '2020-01-23', '11:34:48'),
(691, 57, '56013362', '2020-01-23', '11:34:52'),
(692, 57, '68027554', '2020-01-23', '11:34:56'),
(693, 57, '56314487', '2020-01-23', '11:35:00'),
(694, 57, '52023285', '2020-01-23', '11:35:06'),
(695, 57, '69669421', '2020-01-23', '11:35:10'),
(696, 57, '54482985', '2020-01-23', '11:35:15'),
(697, 57, '59317789', '2020-01-23', '11:35:20'),
(698, 57, '68622094', '2020-01-23', '11:35:24'),
(699, 57, '65642031', '2020-01-23', '11:35:29'),
(700, 57, '54135071', '2020-01-23', '11:35:32'),
(701, 57, '65616491', '2020-01-23', '11:35:37'),
(702, 57, '52396121', '2020-01-23', '11:35:42'),
(703, 57, '62533694', '2020-01-23', '11:35:47'),
(704, 57, '68462192', '2020-01-23', '11:35:51'),
(705, 57, '56425281', '2020-01-23', '11:35:56'),
(706, 57, '64277501', '2020-01-23', '11:35:59'),
(707, 57, '64908827', '2020-01-23', '11:36:03'),
(708, 57, '65062364', '2020-01-23', '11:36:07'),
(709, 57, '56549369', '2020-01-23', '11:36:11'),
(710, 57, '54947120', '2020-01-23', '11:36:15'),
(711, 57, '63629680', '2020-01-23', '11:36:19'),
(712, 57, '67623948', '2020-01-23', '11:36:25'),
(713, 57, '65144950', '2020-01-23', '11:36:30'),
(714, 57, '62066469', '2020-01-23', '11:36:36'),
(715, 57, '65937524', '2020-01-23', '11:36:40'),
(716, 57, '58024685', '2020-01-23', '11:36:46'),
(717, 57, '64072145', '2020-01-23', '11:36:51'),
(718, 57, '68178713', '2020-01-23', '11:36:56'),
(719, 57, '53645310', '2020-01-23', '11:36:59'),
(720, 57, '67842325', '2020-01-23', '11:37:05'),
(721, 58, '56950270', '2020-01-24', '07:04:06'),
(722, 58, '58646667', '2020-01-24', '07:04:11'),
(723, 58, '56013362', '2020-01-24', '07:04:17'),
(724, 58, '68027554', '2020-01-24', '07:04:20'),
(725, 58, '56314487', '2020-01-24', '07:04:25'),
(726, 58, '52023285', '2020-01-24', '07:04:29'),
(727, 58, '69669421', '2020-01-24', '07:04:34'),
(728, 58, '54482985', '2020-01-24', '07:04:38'),
(729, 58, '59317789', '2020-01-24', '07:04:41'),
(730, 58, '68622094', '2020-01-24', '07:04:46'),
(731, 58, '65642031', '2020-01-24', '07:04:50'),
(732, 58, '54135071', '2020-01-24', '07:04:53'),
(733, 58, '65616491', '2020-01-24', '07:04:58'),
(734, 58, '52396121', '2020-01-24', '07:05:02'),
(735, 58, '62533694', '2020-01-24', '07:05:06'),
(736, 58, '68462192', '2020-01-24', '07:05:11'),
(737, 58, '56425281', '2020-01-24', '07:05:17'),
(738, 58, '64277501', '2020-01-24', '07:05:22'),
(739, 58, '64908827', '2020-01-24', '07:05:26'),
(740, 58, '65062364', '2020-01-24', '07:05:29'),
(741, 58, '56549369', '2020-01-24', '07:05:33'),
(742, 58, '54947120', '2020-01-24', '07:05:38'),
(743, 58, '63629680', '2020-01-24', '07:05:42'),
(744, 58, '67623948', '2020-01-24', '07:05:47'),
(745, 58, '65144950', '2020-01-24', '07:05:50'),
(746, 58, '62066469', '2020-01-24', '07:05:54'),
(747, 58, '65937524', '2020-01-24', '07:05:59'),
(748, 58, '58024685', '2020-01-24', '07:06:05'),
(749, 58, '64072145', '2020-01-24', '07:06:12'),
(750, 58, '68178713', '2020-01-24', '07:06:18'),
(751, 58, '53645310', '2020-01-24', '07:06:22'),
(752, 58, '67842325', '2020-01-24', '07:06:29'),
(753, 59, '56950270', '2020-01-24', '08:26:02'),
(754, 59, '58646667', '2020-01-24', '08:26:07'),
(755, 59, '56013362', '2020-01-24', '08:26:11'),
(756, 59, '68027554', '2020-01-24', '08:26:16'),
(757, 59, '56314487', '2020-01-24', '08:26:20'),
(758, 59, '52023285', '2020-01-24', '08:26:24'),
(759, 59, '69669421', '2020-01-24', '08:26:29'),
(760, 59, '54482985', '2020-01-24', '08:26:34'),
(761, 59, '59317789', '2020-01-24', '08:26:37'),
(762, 59, '68622094', '2020-01-24', '08:26:42'),
(763, 59, '65642031', '2020-01-24', '08:26:46'),
(764, 59, '54135071', '2020-01-24', '08:26:50'),
(765, 59, '65616491', '2020-01-24', '08:26:53'),
(766, 59, '52396121', '2020-01-24', '08:26:59'),
(767, 59, '62533694', '2020-01-24', '08:27:04'),
(768, 59, '68462192', '2020-01-24', '08:27:10'),
(769, 59, '56425281', '2020-01-24', '08:27:15'),
(770, 59, '64277501', '2020-01-24', '08:27:21'),
(771, 59, '64908827', '2020-01-24', '08:27:24'),
(772, 59, '65062364', '2020-01-24', '08:27:27'),
(773, 59, '56549369', '2020-01-24', '08:27:32'),
(774, 59, '54947120', '2020-01-24', '08:27:36'),
(775, 59, '63629680', '2020-01-24', '08:27:40'),
(776, 59, '67623948', '2020-01-24', '08:27:46'),
(777, 59, '65144950', '2020-01-24', '08:27:49'),
(778, 59, '62066469', '2020-01-24', '08:27:52'),
(779, 59, '65937524', '2020-01-24', '08:27:56'),
(780, 59, '58024685', '2020-01-24', '08:28:00'),
(781, 59, '64072145', '2020-01-24', '08:28:07'),
(782, 59, '68178713', '2020-01-24', '08:28:12'),
(783, 59, '53645310', '2020-01-24', '08:28:16'),
(784, 59, '67842325', '2020-01-24', '08:28:20'),
(785, 60, '56950270', '2020-01-24', '09:18:01'),
(786, 60, '58646667', '2020-01-24', '09:18:06'),
(787, 60, '56013362', '2020-01-24', '09:18:10'),
(788, 60, '68027554', '2020-01-24', '09:18:14'),
(789, 60, '56314487', '2020-01-24', '09:18:19'),
(790, 60, '52023285', '2020-01-24', '09:18:22'),
(791, 60, '69669421', '2020-01-24', '09:18:27'),
(792, 60, '54482985', '2020-01-24', '09:18:30'),
(793, 60, '59317789', '2020-01-24', '09:18:36'),
(794, 60, '68622094', '2020-01-24', '09:18:39'),
(795, 60, '65642031', '2020-01-24', '09:10:43'),
(796, 60, '54135071', '2020-01-24', '09:18:47'),
(797, 60, '65616491', '2020-01-24', '09:18:52'),
(798, 60, '52396121', '2020-01-24', '09:18:58'),
(799, 60, '62533694', '2020-01-24', '09:19:03'),
(800, 60, '68462192', '2020-01-24', '09:19:09'),
(801, 60, '56425281', '2020-01-24', '09:19:14'),
(802, 60, '64277501', '2020-01-24', '09:19:20'),
(803, 60, '64908827', '2020-01-24', '09:19:24'),
(804, 60, '65062364', '2020-01-24', '09:19:28'),
(805, 60, '56549369', '2020-01-24', '09:19:33'),
(806, 60, '54947120', '2020-01-24', '09:19:37'),
(807, 60, '63629680', '2020-01-24', '09:19:41'),
(808, 60, '67623948', '2020-01-24', '09:19:48'),
(809, 60, '65144950', '2020-01-24', '09:19:51'),
(810, 60, '62066469', '2020-01-24', '09:19:56'),
(811, 60, '65937524', '2020-01-24', '09:19:59'),
(812, 60, '58024685', '2020-01-24', '09:20:04'),
(813, 60, '64072145', '2020-01-24', '09:20:09'),
(814, 60, '68178713', '2020-01-24', '09:20:14'),
(815, 60, '53645310', '2020-01-24', '09:20:18'),
(816, 60, '67842325', '2020-01-24', '09:20:23'),
(980, 59, '53645310', '2020-02-07', '08:24:50'),
(981, 59, '62066469', '2020-02-07', '08:25:05'),
(982, 59, '58024685', '2020-02-07', '08:25:41'),
(983, 60, '69669421', '2020-02-07', '09:33:25'),
(984, 60, '63629680', '2020-02-07', '09:34:06'),
(985, 60, '64072145', '2020-02-07', '09:34:22'),
(986, 60, '58024685', '2020-02-07', '09:34:53'),
(987, 60, '59317789', '2020-02-07', '09:35:12'),
(988, 60, '53645310', '2020-02-07', '09:35:33'),
(989, 60, '68622094', '2020-02-07', '09:35:50'),
(990, 60, '54947120', '2020-02-07', '09:36:08'),
(991, 60, '52396121', '2020-02-07', '09:36:28'),
(992, 60, '54482985', '2020-02-07', '09:36:42'),
(993, 60, '67623948', '2020-02-07', '10:04:41'),
(994, 60, '64277501', '2020-02-07', '10:04:57');

-- --------------------------------------------------------

--
-- Struktur dari tabel `tabel_buku`
--

CREATE TABLE `tabel_buku` (
  `id_buku` varchar(45) NOT NULL,
  `judul_buku` varchar(100) DEFAULT NULL,
  `penulis_buku` varchar(45) DEFAULT NULL,
  `penerbit_buku` varchar(45) DEFAULT NULL,
  `stok_buku` int(11) DEFAULT NULL
) ENGINE=InnoDB DEFAULT CHARSET=latin1;

--
-- Dumping data untuk tabel `tabel_buku`
--

INSERT INTO `tabel_buku` (`id_buku`, `judul_buku`, `penulis_buku`, `penerbit_buku`, `stok_buku`) VALUES
('0001', 'Dasar Teori Listrik', 'John R, Frederick J, Robert W', 'ITB', 0),
('0002', '1 Hari Mahir Membuat Website', 'team cyber', 'HI-FEST PUBLISHING', 0),
('0003', 'Pintar Elektronika Jilid 2', 'Drs.Agus Irawan Hsr,dkk', 'CV BAHAGIA', 0),
('0004', 'Teori Umum Mesin Elektrik', 'Prof.Dr.Soebagio', 'SRIKANDI', 0),
('0005', 'Pengantar Teknik Eksperimental Tegangan Tingg', 'Dieter Kind', 'ITB', 0),
('0006', 'Dasar-Dasar Rangkaian Logika Dasar', 'Budiono Mismail', 'ITB', 0),
('0007', 'Vademekum Elektronika', 'Wasito S.', 'PT GRAMEDIA', 0),
('0008', 'Teknologi Pesawat Terbang', 'Agus Wiyono,S.Si, dkk', 'INDONESIA BOOK PROJECT', 0),
('0010', 'Membangun Aplikasi SMS GATEAWAY berbasis web ', 'Awan Pribadi Basuki', 'LOKO MEDIA', 0),
('0012', 'Elektronika Dasar', 'Dr.Eng. Hendra Setiawan', 'ULL PRESS', 0),
('0013', 'TEKNIK PENGERJAAN LISTRIK', 'Daryanto, Aris Sunawar', 'BUMI AKSARA', 0),
('0014', 'Kewirausahaan untuk Mahasiswa dan Umum', 'Prof.Dr.H.Buchari Alma', 'ALFABETA', 0),
('0015', 'Pemrosesan Sinyal Digital', 'Nemuel Daniel Pah', 'GRAHA ILMU', 0),
('0016', 'PROSIDING SEMINAR NASIONAL TEKNOLOGI INFORMAS', 'POLITEKNIK NEGERI MALANG', 'POLINEMA', 0),
('0017', 'THE PROCEEDING 2011', 'Institut Teknologi Sepuluh Nopember', 'ITS', 0),
('0019', 'PROSIDING SNASTI 2013', 'STMIK STIKOM SURABAYA', 'STIKOM SURABAYA', 0),
('0020', 'BIKIN SENDIRI TOKO ONLINE DINAMIS dengan boos', 'Eko Priyo Utomo', 'MEDIACOM', 0),
('0021', 'Android Progamming with Eclipse', 'Wahana Komputer', 'ANDI', 0),
('0022', 'SISTEM KONVERTER DC  desain rangkaian elektro', 'Prof.Ir.M.Eng.PhD Mochamad Ashari', 'ITS PRESS', 0),
('0023', 'TEKNIK KESELAMATAN DAN KESEHATAN KERJA DI IND', 'Anizar ', 'GRAHA ILMU', 0),
('0024', 'MICROKONTROLLER ATMEL AVR', 'Syahban Rangkuti', 'INFORMATIKA', 0),
('0025', 'APIKASI ELEKTROMAGNETIK ', 'LIANG CHI SHEN , JIN AU KONG', 'Erlangga', 0),
('0026', '303 RANGKAIAN ELEKTRONIKA ', ' ', 'PT ELEX MEDIA KOMPUTINDO', 0),
('0027', 'RANGKAIAN LISTRIK', 'Cekmas Cekdin, Taufik Barlian', 'ANDI', 0),
('0028', 'MIKROKONTROLER DAN APLIKASINYA', 'Achmad Fiqi I, Riza Alfita', 'UNIVERSITAS TRUNOJOYO MADURA', 0),
('0029', 'PEMROGRAMAN MIKROKONTROLER AVR ATMEGA 16 meng', 'Heri Adrianto', 'INFORMATIKA', 0),
('0030', 'INTRUMENTASI ELEKTRONIKA DAN TEKNIK PENGUKURA', 'WILLIAM D. COOPER', ' ', 0),
('0031', 'Mengenal Pemrogaman Database', 'Jubile Enterprise', 'ELEX MEDIA KOMPUTINDO', 0),
('0032', 'RANGKAIAN LISTRIK JILID 1', 'Budiono Mismail', 'ITB', 0),
('0033', 'HTML, PHP, dan MYSQL untuk Pemula', 'Jubile Enterprise', 'ELEX MEDIA KOMPUTINDO', 0),
('0034', 'ARDUINO DAN PROTEUS SIMULASI DAN PRAKTEK', 'Syahban Rangkuti', 'INFORMATIKA', 0),
('0035', 'RANGKAIAN LISTRIK EDISI KE 6 JILID 2', 'William H, Jack E, Steven M', 'Erlangga', 0),
('0036', 'MEDAN ELEKTROMAGNETIKA TERAPAN ', 'Rustam E, Slamet S, Wilson S , Soemarto', ' ', 0),
('0037', 'DATA STRUCTURES & ALGORITHM ANALYSIS IN C++', 'MARK ALLEN WEISS', ' ', 0),
('0038', 'Belajar Sendiri  pasti bisa: ARDUINO', 'Abdul Kadir ', 'ANDI', 0),
('0039', 'Kalkulus untuk Politeknik', 'Muh. Arhami,S.S.i,M.Kom', 'ANDI', 0),
('0040', 'ALJABAR LINIER', 'Drs.Moslen Sibarani,M.M', ' ', 0),
('0041', 'ILMU ELEKTRONIKA 2', ' ', ' ', 0),
('0042', 'PERHITUNGAN INSTALASI LISTRIK volume 1', 'A.J WATKINS, R.K PARTON', ' ', 0),
('0043', 'MERAKIT SENDIRI ANTENA RADIO AMATIR', 'RICHARD AUERBACH', 'ELEX MEDIA KOMPUTINDO', 0),
('0044', 'TEKNIK SISTEM DAN KONTROL OTOMATIS', 'Ir.Suharto', 'DJAMBATAN', 0),
('0045', '46 PROYEK ELEKTRONIKA UNTUK PEMULA', ' ', 'CV GUNUNG MAS', 0),
('0047', 'BASIS DATA edisi revisi', 'Fathansyah', 'INFORMATIKA', 0),
('0048', 'Basis Data dalam Tinjauan Konseptual ', 'Edhi Sutanta', 'ANDI', 0),
('0049', 'BUKU AJAR MATEMATIKA TEKNIK I', 'Ir.Sigit Kusmaryanto M.Eng', 'university of brawijaya press', 0),
('0050', 'OTODIDAK MYSQL UNTUK PEMULA', 'Jubile Enterprise', 'ELEX MEDIA KOMPUTINDO', 0),
('0051', 'KONSEP DASAR REKAYASA PERANGKAT LUNAK ', 'SOETAM RIZKY', ' ', 0),
('0052', 'DASAR TENAGA LISTRIK ', 'ZUHAL', 'ITB', 0),
('0053', 'PENGOLAHAN CITRA Dasar dan Contoh Penerapanny', 'Sri Ratna S, FX Arianto S, Muh Komarudin', 'TEKNOSAIN', 0),
('0054', 'ROUTER CISCO & MIKROTIK', 'KUKUH NUGORHO ', 'INFORMATIKA', 0),
('0055', 'PENDEKATAN PRAKTIS PEMBANGKIT ENERGI BARU & T', 'UNGGUL WIBAWA', 'UB', 0),
('0056', 'ROBOTIKA DESAIN, KONTROL, DAN KECERDASAN BUAT', 'Endra Pitowarno ', 'ANDI', 0),
('0057', 'PEMROGRAMAN MIKROKONTROLLER AVR Bahasa ASSEMB', 'Syahrul', 'INFORMATIKA', 0),
('0058', 'desain konverter elektronika daya', 'Moch. Ashari Prof.Ir.M.Eng.PhD', 'INFORMATIKA', 0),
('0059', 'Metode Penelitian & Pengembangan   ', 'Prof.Dr.H.Sugiyono', 'ALFABETA', 0),
('0060', 'ORGANISASI DAN ARSITEKTUR KOMPUTER edisi ke 4', 'Maman Abdurohman', 'INFORMATIKA', 0),
('0061', 'Dasar-Dasar Rangkaian Digital', 'Dr.Muclas M.T', 'UAD PRESS', 0),
('0062', 'ALGORITMA & PEMROGAMAN dalam bahasa PASCALL d', 'RINALDI MUNIR', 'INFORMATIKA', 0),
('0063', 'METODE NUMERIK', 'RINALDI MUNIR', 'INFORMATIKA', 0),
('0064', 'Belajar Mikrokontroler AT89C51 TEORI DAN APLI', 'Agfianto Eko Putra', 'Gava media', 0),
('0065', 'DASAR-DASAR TEORI RANGKAIAN', 'A.R. MARGUNADI', ' ', 0),
('0066', 'ELEKTRONIKA DIGITAL DAN SISTEM EMBEDDED', 'Prof.Dr. Widodo Budiharto,S.Si.M.Kom', 'ANDI', 0),
('0067', 'Jaringan Telekomunikasi dan Teknologi Informa', 'Uke Kurniawan Usman, Agus Ganda, Gunawan Wibi', 'INFORMATIKA', 0),
('0068', 'ELEKTROMAGNETIKA EDISI KE 7', 'William H, Jack A. Buck', ' ', 0),
('0069', 'PANDUAN PENYUSUNAN SKRIPSI , TESIS & DISERTAS', 'Prof.Dr. Dermawan Wibisono, M.Eng', 'ANDI', 0),
('0071', 'Pemrograman Metode Elemen Hingga Berbasis MATLAB', 'Dr Prabuono Buyung Kosasih', 'ANDI', 0),
('0073', 'Elektronika Kontrol', 'Bambang Siswojo', 'UB', 0),
('0074', 'Praktik-Praktik Proteksi Sistem Tenaga Listrik', 'Bonar Pandjaitan', 'ANDI', 0),
('0075', 'Simulasi Sistem Tenaga Listrik Menggunakan DIgSILENT', 'Marwan ST MEng Sc Ph D', 'ANDI', 0),
('0076', 'Buku Pintar Pemrograman Delphi untuk Pemula', 'Abdul Kadir', ' ', 0),
('0077', 'Rangkaian Elektronika Analog dan Terpadu', 'Sutanto', 'UIP', 0),
('0078', 'Elektronika Daya', 'Yanuarsyah Haroen', 'ITB Press', 0),
('0079', 'Matematika Teknik', 'K A Stroud dengan tambahan dari Derxter J Boo', ' ', 0),
('0080', 'Peralatan Tegangan Tinggi edidi Ketiga', 'Bonggas L Tobing', 'Erlangga', 0),
('0081', 'Rangkaian Listrik', 'Pujiono', 'Graha Ilmu', 0),
('0082', 'Rangkaian Listrik', 'R H Sianipar', 'Rekayasa Sains', 0),
('0083', 'Panduan Praktis Membuat Robot Cerdas menggunakan Arduino dan Matlab', 'Made Sanjaya W S Ph D', 'ANDI', 0),
('0084', 'Pemrograman Fuzzy dan Jaringan Syaraf Tiruan untuk Sistem Kendali Cerdas', 'Dr Basuki Rahmat S Si MT Budi Nugroho S Kom M', 'Indomedia Pustaka', 0),
('0085', 'Analisis Rangkaian Listrik', 'Sudaryatno Sudirham', 'ITB', 0),
('0087', 'Rangkaian Listrik dan Penyelesaian soal Menggunakan Simulasi LTspice', 'Mohamad Ramdhani', 'Informatika', 0),
('0088', 'Paduan Mudah Belajar PLC & SCADA', 'Puput Dani Prasetyo Adi S Kom MT', 'ANDI', 0),
('0089', 'Adobe Photoshop CS4', 'Dr Erhans', 'Web Information Technology', 0),
('0090', 'Merawat dan Memperbaiki Gadget', 'Agus Taruna', ' ', 0),
('0091', 'Logika Pemrograman Python', 'Abdul Kadir', 'Elex Media Komputindo', 0),
('0092', 'Data Mining Algoritma dan Implementasi dengan Pemrograman PHP', 'Joko Sutoro', 'Elex Media Komputindo', 0),
('0093', 'Electroplating Teknik Pelapisan Logam dengan Cara Listrik', 'Ir Azhar A Saleh', 'Yrama Widya', 0),
('0095', 'Pemrograman ARDUINO dan Processing', 'Abdul Kadir', 'Elex Media Komputindo', 0),
('0096', 'Matematika Diskrit', 'Rinaldi Munir', 'Informatika', 0),
('0097', 'Arduino Mega', 'Abdul Kadir', 'ANDI', 0),
('0098', 'Mengembangkan Aplikasi Basis Data menggunakan Visual Basic .NET dan ORACLE', 'Adi Nugroho', 'ANDI', 0),
('0099', 'Algoritma Genetiak Metode Komputasi Evolusioner untuk Menyelesaikan Masalah Optimasi', 'Zainudin Zukhri', 'ANDI', 0),
('0100', 'Algoritma & Pemrograman Menggunakan Java', 'Abdul Kadir', 'ANDI', 0),
('0101', 'Teknik Digital', 'Ir Wijaya Widjanarka N', ' ', 0),
('0102', 'Teknik Aplikasi Fuzzy', 'Dr Ir Saludin Muis M Kom', 'TEKNOSAIN', 0),
('0103', 'Konsep Dasar Teknik Elektronika Kelistrikan', 'Daryanto', 'Alfabeta', 0),
('1176', 'Buku Guru Pendidikan Jasmani Olahraga dan Kes', 'Roji Eva Yulianti', 'Kementerian Pendidikan dan Kebudayaan', 0),
('1177', 'Latihan Apresiasi Sastra', 'A. Hayati Drs. Masnur Muslih', 'Triana Media', 0),
('1178', 'Ringkasan Karya Prosa', 'A. Hayati Drs. Masnur Muslih', 'Triana Media', 0),
('1179', 'Paduan Lengkap Gerakan Pramuka', 'TIM PAH', 'CV. Pustaka Agung Harapan', 0),
('1180', 'Lagu Wajib Nasional dan Daerah', 'Siendycinyo', 'CV. Pustaka Agung Harapan', 0),
('1181', 'Intisari Tata Bahasa Indonesia untuk SMP kela', 'Sunarti SPd Dra Yani Maryani', 'Pustaka Setia', 0),
('1182', 'Intisari Sastra Indonesia untuk SMP kelas 7 8', 'Kaka Rasdiyanto SPd Asep Juanda SPd Sunarti S', 'Pustaka Setia', 0),
('1183', 'Kumpulan Cerita Rakyat Nusantara', 'Yuandistira Ikranegara', 'Brian Publisher', 0),
('1184', 'Sherryl Woods', 'Joyne Ann Krents', 'Violet Books', 0),
('1185', 'Habibie dan Ainun', 'Bacharuddin Jusuf Habibie', 'PT THC Mandiri', 0),
('1186', 'Obama Anak Menteng', 'Darien Dematra', 'PT Gramedia Pustaka Utara', 0),
('1187', 'Layar Terkembang', 'St Takdir Ahsyahbana', 'PT Balai Pustaka', 0),
('1188', 'Siti Nurbaya', 'Marah Rusli', 'PT Balai Pustaka', 0),
('1189', 'Merajut Asa di Batas Negeri', 'Kusmiati', 'Goresan Pena', 0),
('1190', 'Nation Negeri', 'Terry Pratehett', 'PT Gramedia Pustaka Utara', 0),
('1191', 'Warisan Sang Raja', 'Jim Stovall', 'PT Gramedia Pustaka Utara', 0),
('1192', 'Rahasia Imperia', 'Akmal Nasery Basral', 'PT Gramedia Pustaka Utara', 0),
('1193', 'The Holy Qur an AL FATIH', ' ', 'ALFATIH Qur an', 0),
('1194', 'Buku Guru Seni Budaya K 13', 'Eko Purnomo Deden Haerudin Dkk', 'Balit bang', 0),
('1195', 'Buku Pegangan Guru Bahasa Inggris K 13', 'Siti Wachidah Asep Gunawan Dkk', 'Balit bang', 0),
('1196', 'Buku Pegangan Guru Bahasa Indonesia K 13', 'Titik Harsiati Agus Trianto Dkk', 'Balit bang', 0),
('1197', 'Buku Pegangan Guru PKN K 13', 'Lukman Surya Saputra Dkk', 'Balit bang', 0),
('1198', 'Buku Pegangan Guru IPS K 13', 'Iwan Setiawan Dkk', 'Balit bang', 0),
('1199', 'Buku Pegangan Guru IPA K 13', 'Wahono Widodo Dkk', 'Balit bang', 0),
('1200', 'Buku Pegangan Guru Prakarya K 13', 'Susi Paresti Dkk', 'Balit bang', 0),
('1201', 'Buku Pegangan Guru Matematika K 13', 'Abdurrahman Dkk', 'Balit bang', 0),
('1202', 'Buku Pegangan Guru PJOK K 13', 'Muhajir', 'Balit bang', 0),
('1203', 'Buku Pendidikan Agama Islam dan Budi Pekerti', 'Muhammad Ahsan Sumiyah Dkk', 'Balit bang', 0),
('1204', 'Menjadi Orang Tua Hebat', ' ', 'Kementerian PnK Jakarta', 0),
('1205', 'Be The Winner Olimpiade IPS SMP', 'Heru Supriyanto Sumargo SPd', 'Pustaka Widyatama', 0),
('1206', 'Sarufin Pemikat Burung Perkutut', 'Faizul Zabadi', 'Direktorat Pembinaan Sekolah Menengah Pertama', 0),
('1207', 'Ratna Komala dan Rumbia Ajaib', 'Saksono Prijanto', 'Direktorat Pembinaan Sekolah Menengah Pertama', 0),
('1208', 'Pangeran Indra Bangsawan', 'Tri Saptarini', 'Direktorat Pembinaan Sekolah Menengah Pertama', 0),
('1209', 'Tri Kesatria dari Dagho', 'M Abdul Khak', 'Direktorat Pembinaan Sekolah Menengah Pertama', 0),
('1210', 'Pak Belalang', 'Denda Rinjaya', 'Direktorat Pembinaan Sekolah Menengah Pertama', 0),
('1211', 'Putri Ringin Kuning', 'Eem Suhaemi', 'Direktorat Pembinaan Sekolah Menengah Pertama', 0),
('1212', 'Indra Laksana dan Indra Mahadewa', 'Purnawingsih', 'Direktorat Pembinaan Sekolah Menengah Pertama', 0),
('1213', 'Terdampar di Renah Majunto', 'Dina Amalia', 'Direktorat Pembinaan Sekolah Menengah Pertama', 0),
('1214', 'Sabeni Jawara dari Tanah Abang', 'Lustantini Septianingsih', 'Direktorat Pembinaan Sekolah Menengah Pertama', 0),
('1215', 'Merayakan Literasi Menara Masa Depan', 'Sofie Dewayani', 'Kementerian Pendidikan dan Kebudayaan', 0),
('1216', 'Paduan Praktis Gerakan Literasi Sekolah', ' ', 'Kementerian Pendidikan dan Kebudayaan', 0),
('1217', 'Gerakan Literasi Sekolah dari Pucuk hingga Ak', 'Billy Antoro', 'Kementerian Pendidikan dan Kebudayaan', 0),
('1218', 'Sarasehan Literasi Sekolah 1', 'Billy Antoro', 'Kementerian Pendidikan dan Kebudayaan', 0),
('1219', 'Sarasehan Literasi Sekolah 2', 'Billy Antoro', 'Kementerian Pendidikan dan Kebudayaan', 0),
('1220', 'Pendidikan Tangguh Bencana', 'Avianto Amri', 'Kementerian Pendidikan dan Kebudayaan', 0),
('1221', 'Seni Merangkai Bunga dari Desain Floral', 'Indra Yulika', 'Kementerian Pendidikan dan Kebudayaan', 0),
('1222', 'Menebar Empati Menggalang Peduli', 'Praptono Munawir Yusuf Budiyanto Sujarwanto I', 'Kementerian Pendidikan dan Kebudayaan', 0),
('1223', 'Gitar Klasik', ' ', 'Kementerian Pendidikan dan Kebudayaan', 0),
('1224', 'Menyanyi Solo', ' ', 'Kementerian Pendidikan dan Kebudayaan', 0),
('1225', 'Piano Klasik', ' ', 'Kementerian Pendidikan dan Kebudayaan', 0),
('1226', 'Panduan PPK Siswa SMK Tahun 2017', ' ', 'Kementerian Pendidikan dan Kebudayaan', 0),
('1227', 'Pedoman Pelaksanaan Identifikasi dan Asemen b', ' ', 'Kementerian Pendidikan dan Kebudayaan', 0),
('1228', 'Pedoman Pembelajaran Peserta Didik Tunarungu ', ' ', 'Kementerian Pendidikan dan Kebudayaan', 0),
('1229', 'Pedoman Pelaksanaan Ekstrakulikuler pada Satu', ' ', 'Kementerian Pendidikan dan Kebudayaan', 0),
('1231', 'Mengenal Pendidikan bagi Penyandang Disabilit', ' ', 'Kementerian Pendidikan dan Kebudayaan', 0),
('1232', 'Membangun SMA Bermutu di Tapal Batas', 'Pracoyo Wiryantomo Yayan Sudrajat Diryo Ardia', 'Kementerian Pendidikan dan Kebudayaan', 0),
('1233', 'Merajut Potensi Generasi Emas Nusantara', 'Dwi Utami K Budi Kuriadi Andrias Solikhin', 'Kementerian Pendidikan dan Kebudayaan', 0),
('1234', 'Sekolah Menengah Atas dari Masa ke Masa', 'Umi M W Wawan Setiawan Sopian Wadi', 'Kementerian Pendidikan dan Kebudayaan', 0),
('1235', 'Optimasi Pengelolaan Server Sekolah Pasca UNB', 'Muamar S Luna Titi A Akhmad Supriyatna', 'Direktorat Pembinaan SMA', 0),
('1236', 'SMA Berprestasi Internasional', 'Lukman Anbowo Hartati Awalia Kharun N', 'Direktorat Pembinaan SMA', 0),
('1237', 'SMA Berprestasi Berkepribadian', 'Aam Masroni Mujakir Solihin', 'Direktorat Pembinaan SMA', 0),
('1238', 'Pedoman Pengembangan Muatan Lokal pada Satuan', ' ', 'Kementerian Pendidikan dan Kebudayaan', 0),
('1239', 'Pedoman Penyusunan Dokumen I Kurikulum Tingka', ' ', 'Kementerian Pendidikan dan Kebudayaan', 0),
('1240', 'Pedoman Pelaksanaan Pendidikan Kewirausahaan ', ' ', 'Kementerian Pendidikan dan Kebudayaan', 0),
('1241', 'Pedoman Penyusunan RPP', ' ', 'Kementerian Pendidikan dan Kebudayaan', 0),
('1242', 'Panduan Penyusunan Silabus Kurikulum 2013 Pen', ' ', 'Kementerian Pendidikan dan Kebudayaan', 0),
('1243', 'Prakarya Kelas VIII Semester 1', 'Suci Paresti Dewi Sri H Sukri Ichda C', 'Kementerian Pendidikan dan Kebudayaan', 0),
('1244', 'Bahasa Inggris When English Rings a Bell SMP ', 'Siti Wachidah Asep Gunawan Diyantari Yuli Rul', 'Kementerian Pendidikan dan Kebudayaan', 0),
('1245', 'Pendidikan Pancasila dan Kewarganegaraan SMP ', 'Lukman Surya S Ida Rohayani Solikun', 'Kementerian Pendidikan dan Kebudayaan', 0),
('1246', 'Ilmu Pengetahuan Sosial SMP Kelas VIII', ' ', 'Kementerian Pendidikan dan Kebudayaan', 0),
('1247', 'Seni Budaya SMP Kelas VIII', 'Eko Purnomo Deden H Buyung R Julius Juih', 'Kementerian Pendidikan dan Kebudayaan', 0),
('1248', 'Pendidikan Jasmani Olahraga dan Kesehatan SMP', 'Roji Eva Yulianti', 'Kementerian Pendidikan dan Kebudayaan', 0),
('1249', 'Pendidikan Agama Islam dan Budi Pekerti', 'Muhammad Ahsan Sumiyati', 'Kementerian Pendidikan dan Kebudayaan', 0),
('1250', 'MATEMATIKA KELAS VIII', 'E Kosasih', 'Kementerian Pendidikan dan Kebudayaan', 0),
('1252', 'Ilmu Pengetahuan Alam Kelas VIII', 'Ana Ratna W', 'Kementerian Pendidikan dan Kebudayaan', 0),
('1253', 'Buku Guru Bahasa Indonesia Kelas VIII', 'E Kosasih', 'Kementerian Pendidikan dan Kebudayaan', 0),
('1254', 'Buku Seni Budaya kelas VIII', 'Eko Purnomo ,dkk', 'Kementrian Pendidikan dan Kebudayaan', 0),
('1255', 'Buku Guru Pendidikan Pancasila dan Kewarganeg', 'Lukman Surya ,dkk', 'Kementrian Pendidikan dan Kebudayaan', 0),
('1256', 'Buku Guru Ilmu Pengetahuan Sosial Kelas VIII', 'Mukmunan ,dkk', 'Kementrian Pendidikan dan Kebudayaan', 0),
('1257', 'Buku Guru Bahasa Inggris Kelas VIII', 'Siti W, dkk', 'Kementrian Pendidikan dan Kebudayaan', 0),
('1258', 'Buku Guru Ilmu Pengetahuan Alam Kelas VIII', 'Ana Ratna W, dkk', 'Kementrian Pendidikan dan Kebudayaan', 0),
('1259', 'Buku Guru Prakarya Kelas VIII', 'Suci Paresti, dkk', 'Kementrian Pendidikan dan Kebudayaan', 0),
('1260', 'Buku Guru Matematika Kelas VIII', 'Abdur Rahman , dkk', 'Kementrian Pendidikan dan Kebudayaan', 0),
('1261', 'Buku Guru Pendidikan Agama Islam dan Budi Pek', 'Sumiyati, dkk', 'Kementrian Pendidikan dan Kebudayaan', 0),
('1262', 'Buku Guru Pendidikan Jasmani, Olahraga dan Ke', 'Roji, dkk', 'Kementrian Pendidikan dan Kebudayaan', 0),
('1263', 'Cerita 99 Asmaul Husna Untuk Anak', 'Abdullah Zaedan ', 'PT GRAMEDIA', 0),
('1264', 'Bunda, Kisah Cinta 2 Kodi', 'Asma Nadia', 'Asma Nadia Publishing House', 0),
('1265', 'Perempuan Tegar dari Sibo Langit', 'Dra.Hilda Unu', 'PT GRAMEDIA', 0),
('1266', 'Ketika Langit Runtuh', 'Abdul Mutaqin ', 'Salsabila Pustaka', 0),
('1267', 'Metode Penelitian Pendidikan ', 'Nana Syaodih S', 'PT REMAJA ROSDAKARYA', 0),
('1269', 'Persiapan Juara Olimpiade Sains SMP', 'Rahmi Andri W,ST', 'SMP Lukman Al-Hakim', 0),
('1270', 'Kumpulan Cerita Rakyat Nusantara Lengkap dari', 'Yudhistira.I, Hendrick .N', 'Endy Kids Publisher', 0),
('1271', 'Pendidikan Seni Budaya Kelas VIII SMP', 'Yoyok RM, Siswandi', 'Yudhistira', 0),
('1272', 'Pendidikan Agama Islam dan Budi Pekerti kelas', 'Drs.H.Multahim', 'Yudhistira', 0),
('1273', 'Exploring English 2', 'Marfuah , Rina', 'Yudhistira', 0),
('1275', 'Buku Pintar Berdebat dengan Wahabi ', 'M.Idrus Ramli', 'Bina Aswaja', 0),
('1276', 'Mimpi-mimpi Lintang Maryamah Karpov', 'Andrea Hirata', 'Bentang Pustaka', 0),
('1277', 'MATEMATIKA kelas VIII smt 2', 'Abdur Rahman .A, M. Tohir', 'Kementrian Pendidikan dan Kebudayaan', 0),
('1278', 'Ilmu Pengetahuan Alam kelas VIII SMT 2', 'Ana Ratna W, dkk', 'Kementrian Pendidikan dan Kebudayaan', 0),
('1279', 'Prakarya kelas VIII smt 2', 'Suci Paresti, Dwi Sri H.', 'Kementrian Pendidikan dan Kebudayaan', 0),
('1280', 'Detik-Detik Ujian Nasional BIN TH 2019', 'Uti Darmawati , Y. Budi A.', 'PT. PENERBIT INTAN PARIWARA', 0),
('1281', 'Detik-Detik Ujian Nasional IPA TH 2019', 'Rumiyati , Risdiani , Hendra ', 'PT. PENERBIT INTAN PARIWARA', 0),
('1282', 'Detik-Detik Ujian Nasional BING TH 2019', 'Prasetya A, Susiningsih', 'PT. PENERBIT INTAN PARIWARA', 0),
('1283', 'Detik-Detik Ujian Nasional MTK TH 2019', 'Ngapiningsih, Suparno, Noviana', 'PT. PENERBIT INTAN PARIWARA', 0),
('1284', 'Ilmu Pengetahuan Alam kelas IX SMT 1', 'Siti Zubaidah, dkk', 'Kementrian Pendidikan dan Kebudayaan', 0),
('1285', 'MATEMATIKA kelas IX', 'Subuhan, dkk', 'Kementrian Pendidikan dan Kebudayaan', 0),
('1286', 'IPS kelas IX', 'Iwan Setiawan , dkk', 'Kementrian Pendidikan dan Kebudayaan', 0),
('1287', 'Seni Budaya kelas IX', 'Bintang Hanggoro, dkk', 'Kementrian Pendidikan dan Kebudayaan', 0),
('1288', 'Pendidikan Agama Islam dan Budi Pekerti ', 'M.Ahsan dkk', 'Kementrian Pendidikan dan Kebudayaan', 0),
('1289', 'Bahasa Inggris kelas IX ', 'Siti W, Asep G, dkk', 'Kementrian Pendidikan dan Kebudayaan', 0),
('1290', 'Pendidikan Jasmani ,olahraga dan kesehatan ', 'Suroto, dkk', 'Kementrian Pendidikan dan Kebudayaan', 0),
('1291', 'Bahasa Indonesia kelas IX ', 'Agus Trianto, dkk', 'Kementrian Pendidikan dan Kebudayaan', 0),
('1292', 'Pendidikan Pancasila dan Kewarganegaraan kela', 'Kokom Komalasari, dkk', 'Kementrian Pendidikan dan Kebudayaan', 0),
('1293', 'Prakarya smt 1 kelas IX', 'Devi Sri , dkk', 'Kementrian Pendidikan dan Kebudayaan', 0),
('1294', 'IPA smt 2', 'Siti Zubaidah, Susriyati, dkk', 'Kementrian Pendidikan dan Kebudayaan', 0),
('1295', 'Prakarya smt 2', 'Devi Sri , dkk', 'pusat kurikulum dan perbukuan', 0),
('1296', 'Buku Guru MTK Kelas IX', 'Subchan, dkk', 'Kementrian Pendidikan dan Kebudayaan', 0),
('1297', 'Buku Guru PAI kelas IX', 'Sumiyati, M.Ahsan', 'Kementrian Pendidikan dan Kebudayaan', 0),
('1298', 'Buku Guru Bahasa Indonesia Kelas IX', 'Agus Trianto, dkk', 'Kementrian Pendidikan dan Kebudayaan', 0),
('1299', 'Buku Guru Ilmu Pengetahuan Sosial Kelas IX', 'Iwan Setiawan , dkk', 'Kementrian Pendidikan dan Kebudayaan', 0),
('1300', 'Buku Guru Seni Budaya kelas IX', 'Fortunata T.,dkk', 'Kementrian Pendidikan dan Kebudayaan', 0),
('1301', 'Buku Guru Prakarya Kelas IX', 'Dewi SH, dkk', 'Kementrian Pendidikan dan Kebudayaan', 0),
('1302', 'Buku Guru PJOK Kelas IX', 'Suherman', 'Kementrian Pendidikan dan Kebudayaan', 0),
('1303', 'Buku Guru PKN Kelas IX', 'Kokom Komalasari, dkk', 'Kementrian Pendidikan dan Kebudayaan', 0),
('1304', 'Buku Guru Ilmu Pengetahuan Alam Kelas IX', 'Siti Zubaidah, dkk', 'Kementrian Pendidikan dan Kebudayaan', 0),
('1305', 'Buku Guru Bahasa Inggris Kelas IX', 'Siti Wachidah, dkk', 'Kementrian Pendidikan dan Kebudayaan', 0),
('1306', 'Sibbus dan Materi Bahasa Indonesia Keilmuan', 'Dr.H. Imron , Rosidi M.Pd ', 'penerbit dalwa', 0),
('1307', 'Pedoman Umum Ejaan Bahasa Indonesia', 'Ana Ratna W, dkk', 'Kementrian Pendidikan dan Kebudayaan', 0),
('1308', 'Sapan Didiah', 'Joni Syahputra', 'badan pengembangan bahasa dan perbukuan', 0),
('1309', 'Jejak Rasa dari Yogyakarta', 'Agustina Dwi R.', 'badan pengembangan bahasa dan perbukuan', 0),
('1310', 'Karang Melenguh', 'Eva Krisnia', 'badan pengembangan bahasa dan perbukuan', 0),
('1311', 'Burung Kekekow', 'Sri Diharti', 'badan pengembangan bahasa dan perbukuan', 0),
('1312', 'Legenda Batu Babi dan Anjing', 'Noor Hadi', 'badan pengembangan bahasa dan perbukuan', 0),
('1313', 'Lipi Poleng Tanah Lot', 'I Nyoman A', 'badan pengembangan bahasa dan perbukuan', 0),
('1314', 'Asal Usul Tanjung Penyusuk ', 'Dwi Oktarina', 'badan pengembangan bahasa dan perbukuan', 0),
('1315', 'Tokoh Indonesia yang gemar baca buku', 'Eri Sumarwan', 'badan pengembangan bahasa dan perbukuan', 0),
('1316', 'Naya Sentika', 'Umi Farida', 'badan pengembangan bahasa dan perbukuan', 0),
('1317', 'Anak Guo', 'Desti Natalia', 'badan pengembangan bahasa dan perbukuan', 0),
('1318', 'Cerita dari Lembah Baliem', 'Dzikri Elham', 'badan pengembangan bahasa dan perbukuan', 0),
('1319', 'Ramang', 'Fitrawan Umar', 'badan pengembangan bahasa dan perbukuan', 0),
('1320', 'Tokoh Seni Idolaku', 'Norratri', 'badan pengembangan bahasa dan perbukuan', 0),
('1321', 'Randu', 'Tria Ayu K', 'badan pengembangan bahasa dan perbukuan', 0),
('1322', 'Kawa Randu', 'Zulfitra', 'badan pengembangan bahasa dan perbukuan', 0),
('1323', 'Legenda Condet', 'Azhar', 'badan pengembangan bahasa dan perbukuan', 0),
('1324', 'Seruling Peninggalan Abah', 'Ridwan', 'badan pengembangan bahasa dan perbukuan', 0),
('1325', 'Indrasakti', 'Sahril', 'badan pengembangan bahasa dan perbukuan', 0),
('1326', 'Mengenal Arsitektur Tradisional Indonesia', 'Arifin Suryo N.', 'badan pengembangan bahasa dan perbukuan', 0),
('1327', '100+Ice Breaker Penyemangat Belajar', 'Kusumo Suryo, Harjuno', 'CV ILMAN NAFIA', 0),
('1328', 'Mari Mengenal Bahan Makanan Pokok Pengganti d', 'Rendi Kuswanto', 'badan pengembangan bahasa dan perbukuan', 0),
('1329', 'Mozaik Chareta dari Madura', 'Iqbal Nurul, dkk', 'badan pengembangan bahasa dan perbukuan', 0),
('1330', 'Tora', 'Lukman Hakim H', 'BADAN', 0),
('1331', 'Penggunaan Tumbuhan untuk Pengobatan sebagai ', 'Ir.Wahyu, Suprapto, dkk', 'LP3M YOGYAKARTA', 0),
('1332', 'FOKUS UN 2019', 'Swasno, dkk', 'Erlangga', 0),
('1333', 'mudah belajar raspberry pi', 'mochamad fajar wicaksono', 'informatika', 0),
('1334', 'transmisi daya listrik', 'cekmas cekdin taufik barlian', 'andi', 0),
('1335', 'multirotor modelling designing building', 'taufik dwi septian suyadhi', 'andi', 0),
('1336', 'autocad panduan praktis perencanaan proyek rumah tinggal', 'triono subagio eko nugroho julianto', 'andi', 0),
('1337', 'prosiding senastik 2012', 'universitas trunojoyo madura', 'universitas trunojoyo madura', 0),
('312421412', 'dfsdfseewt', 'fgsfsgg', 'gregegerg', 0),
('35455', 'srsrsrfgtt', 'rrtgrdtd', 'rdrfdytdt', 0),
('9999', 'Pemrograman GUI denganPython dan PyQt', 'Budi Raharjo', 'Penerbit Informatika', 0);

-- --------------------------------------------------------

--
-- Struktur dari tabel `tabel_jadwal`
--

CREATE TABLE `tabel_jadwal` (
  `id_jadwal` int(11) NOT NULL,
  `hari` enum('senin','selasa','rabu','kamis','jumat','sabtu','minggu') DEFAULT NULL,
  `kelas` int(11) DEFAULT NULL,
  `mata_pelajaran` int(11) DEFAULT NULL,
  `jam_masuk` time DEFAULT NULL,
  `jam_keluar` time DEFAULT NULL,
  `pin_aktivasi` varchar(10) NOT NULL,
  `status_aktivasi` enum('aktif','tidak') NOT NULL DEFAULT 'tidak'
) ENGINE=InnoDB DEFAULT CHARSET=latin1;

--
-- Dumping data untuk tabel `tabel_jadwal`
--

INSERT INTO `tabel_jadwal` (`id_jadwal`, `hari`, `kelas`, `mata_pelajaran`, `jam_masuk`, `jam_keluar`, `pin_aktivasi`, `status_aktivasi`) VALUES
(40, 'senin', 3, 17, '07:40:00', '09:00:00', '1690', 'tidak'),
(41, 'senin', 3, 28, '09:15:00', '10:35:00', '1643', 'tidak'),
(42, 'senin', 3, 29, '10:35:00', '11:15:00', '9329', 'tidak'),
(43, 'senin', 3, 29, '11:30:00', '12:50:00', '7069', 'tidak'),
(44, 'selasa', 3, 20, '07:00:00', '09:00:00', '4777', 'tidak'),
(45, 'selasa', 3, 21, '09:15:00', '10:35:00', '6929', 'tidak'),
(46, 'selasa', 3, 22, '10:35:00', '11:15:00', '6093', 'tidak'),
(47, 'selasa', 3, 22, '11:30:00', '12:50:00', '3629', 'tidak'),
(48, 'rabu', 3, 27, '07:00:00', '08:20:00', '7527', 'tidak'),
(49, 'rabu', 3, 22, '08:20:00', '09:00:00', '5381', 'tidak'),
(50, 'rabu', 3, 22, '09:15:00', '10:35:00', '5812', 'tidak'),
(51, 'rabu', 3, 21, '10:35:00', '11:15:00', '6632', 'tidak'),
(52, 'rabu', 3, 21, '11:30:00', '12:50:00', '9995', 'tidak'),
(53, 'kamis', 3, 24, '07:00:00', '08:20:00', '7394', 'tidak'),
(54, 'kamis', 3, 25, '08:20:00', '09:00:00', '6815', 'tidak'),
(55, 'kamis', 3, 25, '09:15:00', '10:35:00', '1002', 'tidak'),
(56, 'kamis', 3, 27, '10:35:00', '11:15:00', '2652', 'tidak'),
(57, 'kamis', 3, 27, '11:30:00', '12:10:00', '6648', 'tidak'),
(58, 'jumat', 3, 30, '07:00:00', '08:20:00', '8733', 'tidak'),
(59, 'jumat', 3, 31, '08:20:00', '09:00:00', '1981', 'tidak'),
(60, 'jumat', 3, 31, '09:15:00', '10:35:00', '5346', 'tidak'),
(61, 'sabtu', 3, 24, '07:00:00', '08:20:00', '8234', 'tidak'),
(62, 'sabtu', 3, 28, '08:20:00', '09:00:00', '3096', 'tidak'),
(63, 'sabtu', 3, 28, '09:15:00', '10:35:00', '3208', 'tidak'),
(70, 'senin', 3, 20, '13:00:00', '15:00:00', '7903', 'tidak');

-- --------------------------------------------------------

--
-- Struktur dari tabel `tabel_kelas`
--

CREATE TABLE `tabel_kelas` (
  `no` int(11) NOT NULL,
  `kelas` enum('VII','VIII','IX') DEFAULT NULL,
  `cabang` varchar(10) DEFAULT NULL
) ENGINE=InnoDB DEFAULT CHARSET=utf8mb4;

--
-- Dumping data untuk tabel `tabel_kelas`
--

INSERT INTO `tabel_kelas` (`no`, `kelas`, `cabang`) VALUES
(1, 'VII', 'A'),
(2, 'VII', 'B'),
(3, 'VIII', 'A'),
(4, 'VIII', 'B'),
(5, 'IX', 'A'),
(6, 'IX', 'B');

-- --------------------------------------------------------

--
-- Struktur dari tabel `tabel_level`
--

CREATE TABLE `tabel_level` (
  `id_level` int(11) NOT NULL,
  `level` enum('admin','siswa','orang tua') DEFAULT NULL
) ENGINE=InnoDB DEFAULT CHARSET=latin1;

--
-- Dumping data untuk tabel `tabel_level`
--

INSERT INTO `tabel_level` (`id_level`, `level`) VALUES
(1, 'admin'),
(2, 'siswa'),
(3, 'orang tua');

-- --------------------------------------------------------

--
-- Struktur dari tabel `tabel_makanan`
--

CREATE TABLE `tabel_makanan` (
  `id_makanan` varchar(45) NOT NULL,
  `nama_makanan` varchar(45) DEFAULT NULL,
  `harga_makanan` int(11) DEFAULT NULL,
  `stok_makanan` int(11) DEFAULT NULL
) ENGINE=InnoDB DEFAULT CHARSET=latin1;

--
-- Dumping data untuk tabel `tabel_makanan`
--

INSERT INTO `tabel_makanan` (`id_makanan`, `nama_makanan`, `harga_makanan`, `stok_makanan`) VALUES
('089686060102', 'Pop Mie ', 5000, -9),
('8991102308892', 'Fullo Blasto', 1000, 10),
('8991102380706', 'Fullo Chocolate', 500, 4),
('8991102381871', 'Fullo In Black Choco', 1000, 2),
('8991102387262', 'Tango Vanilla Milk', 2000, -4),
('8991102387286', 'Tango Chocolate ', 2000, -7),
('8991102986694', 'Tango Walut Choco Banana', 1000, 10),
('8991102987394', 'Tango Cheese Long Wafer', 2000, -7),
('8991102987738', 'Tango Strawberry Jam', 2000, 1),
('8991102989305', 'Tango Wafer Strawberry', 500, 4),
('8992696430266', 'Milo Activ Go', 5000, -4),
('8993007000024', 'Indomilk Vanila', 3700, -4),
('8993007000062', 'Indomilk Cokelat', 3700, -11),
('8993007005975', 'Indomilk Banana', 3700, -4),
('8993110071133', 'Sosis So Nice', 1000, 10),
('8993175532297', 'Ahh Nabati', 500, 10),
('8993175535878', 'Richeese Nabati ', 2000, 1),
('8993175539210', 'Nextar Choco Brownies', 2000, -9),
('8993175542241', 'Nabati Pink Lava', 2000, -11),
('8993175547123', 'Nabati Richeese Black', 2000, -8),
('8994755030516', 'Good Time Rainbow', 1000, 10),
('8996001600146', 'Teh Pucuk', 3000, -6),
('8996001600269', 'le minerale', 3000, -7),
('8996129803504', 'Cleo Botol', 2000, -1);

-- --------------------------------------------------------

--
-- Struktur dari tabel `tabel_mata_pelajaran`
--

CREATE TABLE `tabel_mata_pelajaran` (
  `no` int(11) NOT NULL,
  `mata_pelajaran` varchar(100) CHARACTER SET latin1 DEFAULT NULL
) ENGINE=InnoDB DEFAULT CHARSET=utf8mb4;

--
-- Dumping data untuk tabel `tabel_mata_pelajaran`
--

INSERT INTO `tabel_mata_pelajaran` (`no`, `mata_pelajaran`) VALUES
(17, 'Prakarya'),
(20, 'Olahraga'),
(21, 'Matematika'),
(22, 'Bahasa Indonesia'),
(24, 'Bahasa Inggris'),
(25, 'Pendidikan Agama Islam'),
(27, 'Ilmu Pengetahuan Sosial'),
(28, 'Ilmu Pengetahuan Alam'),
(29, 'Pendidikan Kewarganegaraan'),
(30, 'Bahasa Madura'),
(31, 'Seni Budaya');

-- --------------------------------------------------------

--
-- Struktur dari tabel `tabel_pembagian_kelas`
--

CREATE TABLE `tabel_pembagian_kelas` (
  `no` int(11) NOT NULL,
  `kelas` int(11) DEFAULT NULL,
  `id_siswa` varchar(15) CHARACTER SET latin1 DEFAULT NULL
) ENGINE=InnoDB DEFAULT CHARSET=utf8mb4;

--
-- Dumping data untuk tabel `tabel_pembagian_kelas`
--

INSERT INTO `tabel_pembagian_kelas` (`no`, `kelas`, `id_siswa`) VALUES
(8, 3, '52023285'),
(9, 3, '52396121'),
(10, 3, '53645310'),
(11, 3, '54135071'),
(12, 3, '54482985'),
(13, 3, '54947120'),
(14, 3, '56013362'),
(15, 3, '56314487'),
(16, 3, '56425281'),
(17, 3, '56549369'),
(18, 3, '56950270'),
(19, 3, '58024685'),
(20, 3, '58646667'),
(21, 3, '59317789'),
(22, 3, '62066469'),
(23, 3, '62533694'),
(24, 3, '63629680'),
(25, 3, '64072145'),
(26, 3, '64277501'),
(27, 3, '64908827'),
(28, 3, '65062364'),
(29, 3, '65144950'),
(30, 3, '65616491'),
(31, 3, '65642031'),
(32, 3, '65937524'),
(33, 3, '67623948'),
(34, 3, '67842325'),
(35, 3, '68027554'),
(36, 3, '68178713'),
(37, 3, '68462192'),
(38, 3, '68622094'),
(39, 3, '69669421');

-- --------------------------------------------------------

--
-- Struktur dari tabel `tabel_pembelian_makanan`
--

CREATE TABLE `tabel_pembelian_makanan` (
  `no` int(11) NOT NULL,
  `id_siswa` varchar(15) DEFAULT NULL,
  `id_makanan` varchar(45) DEFAULT NULL,
  `tanggal_pembelian` date DEFAULT NULL
) ENGINE=InnoDB DEFAULT CHARSET=utf8mb4;

--
-- Dumping data untuk tabel `tabel_pembelian_makanan`
--

INSERT INTO `tabel_pembelian_makanan` (`no`, `id_siswa`, `id_makanan`, `tanggal_pembelian`) VALUES
(61, '52396121', '8993175539210', '2020-01-21'),
(62, '52396121', '8993007005975', '2020-01-21'),
(63, '58024685', '8991102387262', '2020-01-21'),
(64, '58024685', '8991102387286', '2020-01-21'),
(65, '65937524', '8993175539210', '2020-01-21'),
(66, '65937524', '8992696430266', '2020-01-21'),
(67, '52023285', '8991102987738', '2020-01-21'),
(68, '52023285', '8993007000024', '2020-01-21'),
(69, '68622094', '8993007000062', '2020-01-21'),
(70, '68622094', '8993175542241', '2020-01-21'),
(71, '63629680', '8993175547123', '2020-01-21'),
(72, '63629680', '8993175542241', '2020-01-21'),
(73, '62066469', '8993175535878', '2020-01-21'),
(74, '62066469', '8991102987394', '2020-01-21'),
(75, '64277501', '089686060102', '2020-01-21'),
(76, '64277501', '8996001600269', '2020-01-21'),
(77, '56013362', '8991102387262', '2020-01-21'),
(78, '56013362', '8993007005975', '2020-01-21'),
(79, '54947120', '8992696430266', '2020-01-21'),
(80, '54947120', '8993007000024', '2020-01-21'),
(81, '54482985', '8993175542241', '2020-01-21'),
(82, '54482985', '8993007000062', '2020-01-21'),
(83, '64908827', '8991102987394', '2020-01-21'),
(84, '64908827', '8996001600269', '2020-01-21'),
(85, '56425281', '8993175539210', '2020-01-21'),
(86, '56425281', '8991102387286', '2020-01-21'),
(87, '56314487', '8993175539210', '2020-01-21'),
(88, '56314487', '8991102987738', '2020-01-21'),
(89, '68027554', '8993175542241', '2020-01-21'),
(90, '68027554', '8993175547123', '2020-01-21'),
(91, '67842325', '8993175535878', '2020-01-21'),
(92, '67842325', '8996129803504', '2020-01-21'),
(93, '59317789', '089686060102', '2020-01-21'),
(94, '59317789', '8993007005975', '2020-01-21'),
(95, '56950270', '8993175542241', '2020-01-21'),
(96, '56950270', '8992696430266', '2020-01-21'),
(97, '54135071', '8993175539210', '2020-01-21'),
(98, '54135071', '8996001600269', '2020-01-21'),
(99, '65616491', '8993007000062', '2020-01-21'),
(100, '65616491', '8993175539210', '2020-01-21'),
(101, '62533694', '8996129803504', '2020-01-21'),
(102, '62533694', '8993175535878', '2020-01-21'),
(103, '69669421', '8991102387262', '2020-01-21'),
(104, '69669421', '8993175542241', '2020-01-21'),
(105, '65062364', '8991102381871', '2020-01-21'),
(106, '65062364', '8991102380706', '2020-01-21'),
(107, '64072145', '089686060102', '2020-01-21'),
(108, '64072145', '8996001600146', '2020-01-21'),
(109, '68178713', '8993175547123', '2020-01-21'),
(110, '68178713', '8993007000024', '2020-01-21'),
(111, '58646667', '8991102989305', '2020-01-21'),
(112, '58646667', '8991102381871', '2020-01-21'),
(113, '53645310', '089686060102', '2020-01-21'),
(114, '53645310', '8996129803504', '2020-01-21'),
(115, '65642031', '8993175539210', '2020-01-21'),
(116, '65642031', '8996001600269', '2020-01-21'),
(117, '56549369', '8991102987738', '2020-01-21'),
(118, '56549369', '8993007000024', '2020-01-21'),
(119, '68462192', '8991102987394', '2020-01-21'),
(120, '68462192', '8991102387286', '2020-01-21'),
(121, '65144950', '8993007000062', '2020-01-21'),
(122, '65144950', '8996001600269', '2020-01-21'),
(123, '67623948', '8991102381871', '2020-01-21'),
(124, '67623948', '8992696430266', '2020-01-21'),
(125, '67623948', '8991102387262', '2020-01-20'),
(126, '67623948', '8993007000024', '2020-01-20'),
(127, '67623948', '8993175542241', '2020-01-20'),
(128, '65144950', '8991102987394', '2020-01-20'),
(129, '65144950', '8991102387286', '2020-01-20'),
(130, '65144950', '8991102987738', '2020-01-20'),
(131, '68462192', '8993175547123', '2020-01-20'),
(132, '68462192', '8993175535878', '2020-01-20'),
(133, '68462192', '8993007000062', '2020-01-20'),
(134, '56549369', '8993175539210', '2020-01-20'),
(135, '56549369', '8992696430266', '2020-01-20'),
(136, '56549369', '089686060102', '2020-01-20'),
(137, '65642031', '8993007005975', '2020-01-20'),
(138, '65642031', '8991102381871', '2020-01-20'),
(139, '65642031', '8991102380706', '2020-01-20'),
(140, '53645310', '8996001600269', '2020-01-20'),
(141, '53645310', '089686060102', '2020-01-20'),
(142, '53645310', '8991102987738', '2020-01-20'),
(143, '58646667', '089686060102', '2020-01-20'),
(144, '58646667', '8996129803504', '2020-01-20'),
(145, '58646667', '8991102989305', '2020-01-20'),
(146, '68178713', '8996001600146', '2020-01-20'),
(147, '68178713', '089686060102', '2020-01-20'),
(148, '68178713', '8991102387286', '2020-01-20'),
(149, '64072145', '089686060102', '2020-01-20'),
(150, '64072145', '8996001600146', '2020-01-20'),
(151, '64072145', '8993175542241', '2020-01-20'),
(152, '65062364', '8991102387286', '2020-01-20'),
(153, '65062364', '8991102987738', '2020-01-20'),
(154, '65062364', '8993175547123', '2020-01-20'),
(155, '69669421', '089686060102', '2020-01-20'),
(156, '69669421', '8996001600146', '2020-01-20'),
(157, '69669421', '8993007005975', '2020-01-20'),
(158, '62533694', '8992696430266', '2020-01-20'),
(159, '62533694', '8993007005975', '2020-01-20'),
(160, '62533694', '8993007000062', '2020-01-20'),
(161, '65616491', '8991102987394', '2020-01-20'),
(162, '65616491', '8991102387286', '2020-01-20'),
(163, '65616491', '8993007000062', '2020-01-20'),
(164, '54135071', '8993007000062', '2020-01-20'),
(165, '54135071', '8993007005975', '2020-01-20'),
(166, '54135071', '8993175539210', '2020-01-20'),
(167, '56950270', '8993175547123', '2020-01-20'),
(168, '56950270', '8993175542241', '2020-01-20'),
(169, '56950270', '8993007000024', '2020-01-20'),
(170, '59317789', '8996001600146', '2020-01-20'),
(171, '59317789', '8993175547123', '2020-01-20'),
(172, '59317789', '8991102387262', '2020-01-20'),
(173, '67842325', '8993175539210', '2020-01-20'),
(174, '67842325', '8993007000062', '2020-01-20'),
(175, '67842325', '8993175547123', '2020-01-20'),
(176, '68027554', '8996129803504', '2020-01-20'),
(177, '68027554', '8993175542241', '2020-01-20'),
(178, '68027554', '8991102987394', '2020-01-20'),
(179, '56314487', '8991102387286', '2020-01-20'),
(180, '56314487', '8993007000024', '2020-01-20'),
(181, '56314487', '8991102380706', '2020-01-20'),
(182, '56425281', '8993007000062', '2020-01-20'),
(183, '56425281', '8991102989305', '2020-01-20'),
(184, '56425281', '8993175547123', '2020-01-20'),
(185, '64908827', '8991102387286', '2020-01-20'),
(186, '64908827', '8992696430266', '2020-01-20'),
(187, '64908827', '8991102380706', '2020-01-20'),
(188, '54482985', '8996001600146', '2020-01-20'),
(189, '54482985', '8991102387286', '2020-01-20'),
(190, '54482985', '8993175542241', '2020-01-20'),
(191, '54947120', '089686060102', '2020-01-20'),
(192, '54947120', '8993007000062', '2020-01-20'),
(193, '54947120', '8991102381871', '2020-01-20'),
(194, '56013362', '8996001600269', '2020-01-20'),
(195, '56013362', '8993175539210', '2020-01-20'),
(196, '56013362', '8991102387262', '2020-01-20'),
(197, '64277501', '8993007005975', '2020-01-20'),
(198, '64277501', '089686060102', '2020-01-20'),
(199, '64277501', '8996129803504', '2020-01-20'),
(200, '62066469', '8993175535878', '2020-01-20'),
(201, '62066469', '8993175535878', '2020-01-20'),
(202, '62066469', '8991102387286', '2020-01-20'),
(203, '63629680', '8993007005975', '2020-01-20'),
(204, '63629680', '8993175539210', '2020-01-20'),
(205, '63629680', '8991102989305', '2020-01-20'),
(206, '68622094', '8991102987738', '2020-01-20'),
(207, '68622094', '8991102387286', '2020-01-20'),
(208, '68622094', '8993175542241', '2020-01-20'),
(209, '52023285', '8993007000024', '2020-01-20'),
(210, '52023285', '089686060102', '2020-01-20'),
(211, '52023285', '8993175539210', '2020-01-20'),
(212, '65937524', '8991102989305', '2020-01-20'),
(213, '65937524', '8993175539210', '2020-01-20'),
(214, '65937524', '8993007005975', '2020-01-20'),
(215, '58024685', '089686060102', '2020-01-20'),
(216, '58024685', '8996001600146', '2020-01-20'),
(217, '58024685', '8996001600269', '2020-01-20'),
(218, '52396121', '089686060102', '2020-01-20'),
(219, '52396121', '8996001600146', '2020-01-20'),
(220, '52396121', '8996001600269', '2020-01-20'),
(221, '52396121', '8993007000062', '2020-01-22'),
(222, '52396121', '8993175535878', '2020-01-22'),
(223, '58024685', '8993007000062', '2020-01-22'),
(224, '58024685', '8993175535878', '2020-01-22'),
(225, '65937524', '8993175539210', '2020-01-22'),
(226, '65937524', '8991102387262', '2020-01-22'),
(227, '52023285', '8996129803504', '2020-01-22'),
(228, '52023285', '8991102987394', '2020-01-22'),
(229, '68622094', '8993175539210', '2020-01-22'),
(230, '68622094', '8991102387286', '2020-01-22'),
(231, '63629680', '8996129803504', '2020-01-22'),
(232, '63629680', '8993175542241', '2020-01-22'),
(233, '62066469', '8996001600269', '2020-01-22'),
(234, '62066469', '8993007005975', '2020-01-22'),
(235, '64277501', '8993175547123', '2020-01-22'),
(236, '64277501', '8991102387286', '2020-01-22'),
(237, '56013362', '8992696430266', '2020-01-22'),
(238, '56013362', '8996001600146', '2020-01-22'),
(239, '54947120', '8996001600269', '2020-01-22'),
(240, '54947120', '8993007000062', '2020-01-22'),
(241, '54482985', '8993007000024', '2020-01-22'),
(242, '54482985', '8993175547123', '2020-01-22'),
(243, '64908827', '8993007000062', '2020-01-22'),
(244, '64908827', '8991102387262', '2020-01-22'),
(245, '56425281', '8993175547123', '2020-01-22'),
(246, '56425281', '8991102381871', '2020-01-22'),
(247, '56314487', '8993007005975', '2020-01-22'),
(248, '56314487', '8991102987394', '2020-01-22'),
(249, '68027554', '8996001600269', '2020-01-22'),
(250, '68027554', '8993175542241', '2020-01-22'),
(251, '67842325', '8996129803504', '2020-01-22'),
(252, '67842325', '089686060102', '2020-01-22'),
(253, '59317789', '8991102987394', '2020-01-22'),
(254, '59317789', '8991102387286', '2020-01-22'),
(255, '56950270', '8993007000062', '2020-01-22'),
(256, '56950270', '8993175542241', '2020-01-22'),
(257, '54135071', '8993007000024', '2020-01-22'),
(258, '54135071', '8993175539210', '2020-01-22'),
(259, '65616491', '089686060102', '2020-01-22'),
(260, '65616491', '8991102989305', '2020-01-22'),
(261, '62533694', '8992696430266', '2020-01-22'),
(262, '62533694', '8993175547123', '2020-01-22'),
(263, '69669421', '8991102987394', '2020-01-22'),
(264, '69669421', '8991102987738', '2020-01-22'),
(265, '65062364', '8991102380706', '2020-01-22'),
(266, '65062364', '8996001600146', '2020-01-22'),
(267, '64072145', '8993175542241', '2020-01-22'),
(268, '64072145', '8991102987394', '2020-01-22'),
(269, '68178713', '8993175542241', '2020-01-22'),
(270, '68178713', '089686060102', '2020-01-22'),
(271, '58646667', '8993007000024', '2020-01-22'),
(272, '58646667', '8993175539210', '2020-01-22'),
(273, '53645310', '8996001600269', '2020-01-22'),
(274, '53645310', '8991102387262', '2020-01-22'),
(275, '65642031', '8993007000062', '2020-01-22'),
(276, '65642031', '8993175542241', '2020-01-22'),
(277, '56549369', '8996001600269', '2020-01-22'),
(278, '56549369', '8991102987394', '2020-01-22'),
(279, '68462192', '8996001600146', '2020-01-22'),
(280, '68462192', '8991102381871', '2020-01-22'),
(281, '65144950', '8996129803504', '2020-01-22'),
(282, '65144950', '8991102387262', '2020-01-22'),
(283, '67623948', '8991102387286', '2020-01-22'),
(284, '67623948', '8991102387262', '2020-01-22'),
(285, '67623948', '089686060102', '2020-01-23'),
(286, '65937524', '8993007000062', '2020-01-23'),
(287, '58024685', '8993007000024', '2020-01-23'),
(288, '52396121', '8993175542241', '2020-01-23'),
(289, '54482985', '8996001600269', '2020-01-23'),
(290, '54947120', '8993175547123', '2020-01-23'),
(291, '56013362', '8996001600146', '2020-01-23'),
(292, '64277501', '8991102987394', '2020-01-23'),
(293, '62066469', '8992696430266', '2020-01-23'),
(294, '63629680', '8991102987394', '2020-01-23'),
(295, '68622094', '8993007000024', '2020-01-23'),
(296, '52023285', '8991102387262', '2020-01-23'),
(297, '67842325', '8996129803504', '2020-01-23'),
(298, '68027554', '8993175547123', '2020-01-24'),
(299, '56314487', '8996001600269', '2020-01-24'),
(300, '56425281', '8993007000062', '2020-01-24'),
(301, '64908827', '8996001600146', '2020-01-24'),
(302, '68178713', '8992696430266', '2020-01-24'),
(303, '64072145', '8993007005975', '2020-01-24'),
(304, '65062364', '8993175547123', '2020-01-24'),
(305, '69669421', '8991102380706', '2020-01-24'),
(306, '62533694', '8993007000062', '2020-01-24'),
(307, '65616491', '8991102987394', '2020-01-24'),
(308, '54135071', '8992696430266', '2020-01-24'),
(309, '56950270', '8993175547123', '2020-01-24'),
(310, '59317789', '8993175539210', '2020-01-24'),
(311, '65144950', '8991102987394', '2020-01-24'),
(312, '68462192', '8991102987394', '2020-01-24'),
(313, '56549369', '8996001600269', '2020-01-24'),
(314, '65642031', '8992696430266', '2020-01-24'),
(315, '53645310', '8991102387286', '2020-01-24'),
(316, '58646667', '8996001600146', '2020-01-24'),
(317, '53645310', '8991102387262', '2020-02-07'),
(318, '53645310', '8993175542241', '2020-02-07'),
(319, '53645310', '8996001600146', '2020-02-07'),
(320, '58024685', '8991102387262', '2020-02-07'),
(321, '59317789', '8996001600146', '2020-02-07'),
(322, '59317789', '8993175542241', '2020-02-07'),
(323, '53645310', '8993007000062', '2020-02-07'),
(324, '53645310', '8991102381871', '2020-02-07'),
(325, '68622094', '8992696430266', '2020-02-07'),
(326, '64072145', '8993007000024', '2020-02-07'),
(327, '54947120', '8993007005975', '2020-02-07'),
(328, '63629680', '8993175535878', '2020-02-07'),
(329, '52396121', '8991102987738', '2020-02-07'),
(330, '54482985', '8993175547123', '2020-02-07');

-- --------------------------------------------------------

--
-- Struktur dari tabel `tabel_peminjaman_buku`
--

CREATE TABLE `tabel_peminjaman_buku` (
  `id_peminjaman` int(11) NOT NULL,
  `id_siswa` varchar(15) DEFAULT NULL,
  `id_buku` varchar(45) DEFAULT NULL,
  `tanggal_peminjaman` date DEFAULT NULL,
  `tanggal_pengembalian` date DEFAULT NULL,
  `jam` varchar(11) DEFAULT NULL
) ENGINE=InnoDB DEFAULT CHARSET=latin1;

--
-- Dumping data untuk tabel `tabel_peminjaman_buku`
--

INSERT INTO `tabel_peminjaman_buku` (`id_peminjaman`, `id_siswa`, `id_buku`, `tanggal_peminjaman`, `tanggal_pengembalian`, `jam`) VALUES
(97, '52023285', '001', '2020-01-23', '2020-01-24', NULL),
(98, '52396121', '002', '2020-01-20', '2020-01-22', NULL),
(100, '56314487', '010', '2020-01-23', '2020-01-23', NULL),
(101, '56549369', '004', '2020-01-20', '2020-01-24', NULL),
(102, '56549369', '003', '2020-01-22', '2020-01-23', NULL),
(103, '58024685', '022', '2020-01-20', '2020-01-21', NULL),
(104, '58646667', '006', '2020-01-20', '2020-01-21', NULL),
(105, '59317789', '025', '2020-01-20', '2020-01-22', NULL),
(106, '62066469', '008', '2020-01-20', '2020-01-21', NULL),
(109, '64072145', '012', '2020-01-22', '2020-01-22', NULL),
(110, '64277501', '013', '2020-01-20', '2020-01-22', NULL),
(111, '64277501', '014', '2020-01-20', '2020-01-21', NULL),
(112, '65642031', '015', '2020-01-21', '2020-01-22', NULL),
(113, '67623948', '016', '2020-01-21', '2020-01-23', NULL),
(114, '67842325', '017', '2020-01-20', '2020-01-24', NULL),
(115, '62533694', '009', '2020-01-20', '2020-01-23', NULL),
(117, '63629680', '011', '2020-01-20', '2020-01-23', NULL),
(118, '68622094', '018', '2020-01-23', '2020-01-24', NULL),
(119, '69669421', '019', '2020-01-20', '2020-01-23', NULL),
(136, '68027554', '004', '2020-08-12', '0000-00-00', '09:55:59'),
(137, '69669421', '003', '2020-08-08', '0000-00-00', '10:10:10'),
(138, '69669421', '005', '2020-02-28', '2020-08-10', NULL),
(139, '69669421', '012', '2020-08-04', '0000-00-00', '07:40:39'),
(140, '52023285', '493983833040', '2020-08-03', '2020-08-12', NULL),
(141, '53645310', '010', '2020-08-09', '0000-00-00', '08:16:19'),
(142, '56425281', '005', '2020-08-07', '0000-00-00', '09:31:46'),
(143, '54947120', '429105355580', '2020-08-18', NULL, '11:10:19'),
(144, '53645310', '493983833040', '2020-08-22', NULL, '11:30:19'),
(145, '54482985', '495131892489', '2020-08-22', NULL, '09:10:19'),
(146, '65937524', '719893773317', '2020-08-21', NULL, '09:20:26'),
(147, '68178713', '495451511557', '2020-08-20', NULL, '21:27:32'),
(148, '54482985', '498164636537', '2020-12-05', NULL, '00:45:56');

-- --------------------------------------------------------

--
-- Struktur dari tabel `tabel_rfid`
--

CREATE TABLE `tabel_rfid` (
  `id_rfid` varchar(45) NOT NULL,
  `id_siswa` varchar(15) DEFAULT NULL,
  `saldo_rfid` int(11) DEFAULT NULL
) ENGINE=InnoDB DEFAULT CHARSET=latin1;

--
-- Dumping data untuk tabel `tabel_rfid`
--

INSERT INTO `tabel_rfid` (`id_rfid`, `id_siswa`, `saldo_rfid`) VALUES
('1043829955580', '56425281', 33100),
('1044708203427', '65144950', 31300),
('1044752243646', '62533694', 22900),
('1044848057185', '62066469', 28300),
('1045840206727', '56013362', 26300),
('427921775610', '68027554', 33000),
('428812082078', '64072145', 20600),
('429251107797', '67842325', 29300),
('429291281226', '58024685', 23600),
('492848095140', '52396121', 23600),
('494164319003', '68622094', 25600),
('494607997871', '54947120', 19200),
('495229082577', '52023285', 27600),
('495598705655', '63629680', 31800),
('495892306785', '64277501', 25300),
('496065911746', '65642031', 29100),
('497037024102', '65616491', 29100),
('497546173344', '68462192', 32300),
('497679408009', '56950270', 27600),
('562646490048', '54482985', 26600),
('562914663388', '58646667', 32300),
('563151248360', '56549369', 24300),
('563264756623', '53645310', 114300),
('910155979687', '65937524', 29100),
('924292627450', '54135071', 24900),
('975167495031', '67623948', 27300),
('975536528216', '59317789', 23300),
('975964871630', '69669421', 29800),
('976082770858', '56314487', 31100),
('976281213779', '64908827', 28800),
('977386806179', '65062364', 37000),
('978495740878', '68178713', 22300);

-- --------------------------------------------------------

--
-- Struktur dari tabel `tabel_rfid_buku`
--

CREATE TABLE `tabel_rfid_buku` (
  `no` int(11) NOT NULL,
  `rfid` varchar(45) CHARACTER SET latin1 NOT NULL,
  `id_buku` varchar(45) CHARACTER SET latin1 DEFAULT NULL
) ENGINE=InnoDB DEFAULT CHARSET=utf8mb4;

--
-- Dumping data untuk tabel `tabel_rfid_buku`
--

INSERT INTO `tabel_rfid_buku` (`no`, `rfid`, `id_buku`) VALUES
(28, '494714231555', '0017'),
(29, '494955666429', '0004'),
(30, '494812273473', '0003'),
(31, '494970149843', '0037'),
(32, '495131892489', '0035'),
(33, '493983833040', '0019'),
(34, '427940649883', '0035'),
(35, '429240228670', '0007'),
(36, '428132146044', '0036'),
(37, '495451511557', '0005'),
(38, '498164636537', '0012'),
(39, '563295689653', '0006'),
(40, '495961185158', '0016'),
(41, '1043713301443', '0008'),
(42, '496789560117', '0002'),
(43, '427849030447', '0049'),
(44, '428139879415', '0062'),
(45, '496312130404', '0040'),
(46, '428566911780', '0038'),
(47, '1044982209390', '0005'),
(48, '494067981279', '0039'),
(49, '496425900983', '0068'),
(50, '428421487406', '0059'),
(51, '563344055133', '0060'),
(52, '428573203268', '0052'),
(53, '496107723705', '0057'),
(54, '495204834214', '0062'),
(55, '627982868233', '0013'),
(56, '559503384536', '0029'),
(57, '1044231035852', '0043'),
(58, '427547237182', '0061'),
(59, '978946825170', '0041'),
(60, '428474047408', '0042'),
(61, '497721875203', '0032'),
(62, '561474707367', '0010'),
(63, '559931924296', '0044'),
(64, '495092833272', '0023'),
(65, '429202086886', '0022'),
(66, '497048361910', '0021'),
(67, '910215158568', '0015'),
(68, '494999772001', '0027'),
(69, '40597150945', '0014'),
(70, '910463736813', '0024'),
(71, '910121376601', '0029'),
(72, '427736046561', '0028'),
(73, '730141187268', '0026'),
(74, '429413768077', '0048'),
(75, '562720414556', '0025'),
(76, '497024441127', '0055'),
(77, '1044884626261', '0053'),
(78, '496455261173', '0063'),
(79, '562979150752', '0062'),
(80, '497094499313', '0056'),
(81, '561158627219', '0020'),
(82, '494785600478', '0062'),
(83, '494673075092', '0058'),
(84, '978972449625', '0058'),
(85, '627484532587', '0030'),
(86, '562436186017', '0057'),
(87, '494410603358', '0069'),
(88, '563245161403', '0050'),
(89, '494444092253', '0032'),
(90, '495627869108', '0062'),
(91, '495151881083', '0064'),
(92, '428534733591', '0031'),
(93, '496514440035', '0051'),
(94, '561688616730', '0058'),
(95, '495250840423', '0063'),
(96, '563179363235', '0047'),
(97, '494283529189', '0067'),
(98, '428104686546', '0066'),
(99, '495226788852', '0065'),
(100, '494879447884', '0034'),
(101, '979100638204', '0058'),
(102, '1044183194589', '0058'),
(103, '428958227264', '0033'),
(104, '976678886151', '0062'),
(105, '495022250889', '0045'),
(106, '498054863868', '0016'),
(107, '495168920444', '0016'),
(108, '497656470293', '0001'),
(111, '494695029593', '0093'),
(112, '493982325711', '0042'),
(113, '975352306536', '0083'),
(114, '49421819728', '0096'),
(115, '254742044580', '0103'),
(116, '495841778531', '0095'),
(117, '531628628013', '0005'),
(118, '562789489486', '0063'),
(119, '429105355580', '0058'),
(120, '1082311253981', '0091'),
(121, '1073812867784', '0074'),
(122, '668970591423', '0058'),
(123, '253836337134', '0090'),
(124, '493991566173', '0087'),
(125, '186588272837', '0081'),
(126, '942694864718', '0097'),
(127, '1081735649351', '0102'),
(128, '942959632270', '0098'),
(129, '1079537965248', '0088'),
(130, '462532057293', '0089'),
(131, '460396568451', '0083'),
(132, '1078436372258', '0035'),
(133, '495989037907', '0080'),
(134, '463819054924', '0092'),
(135, '736683433968', '0074'),
(136, '493186981765', '0076'),
(137, '558939381724', '0077'),
(138, '977188035470', '0079'),
(139, '563539286818', '0073'),
(140, '627704668086', '0032'),
(141, '975823051613', '0075'),
(142, '875549171650', '0073'),
(143, '531737352361', '0078'),
(144, '975083674491', '0082'),
(145, '978788686662', '0101'),
(146, '496521321224', '0061'),
(147, '975065455504', '0084'),
(148, '975982042069', '0085'),
(149, '1045321620364', '0099'),
(150, '1045712215007', '0071'),
(151, '497951972312', '0100'),
(152, '497105771269', '0103'),
(153, '495369591658', '0103'),
(154, '975471516484', '0058'),
(155, '496722451257', '1337'),
(156, '719893773317', '1334'),
(157, '497280687005', '1333'),
(158, '495359695744', '1335'),
(159, '975390251819', '1336'),
(174, '001', '1222'),
(175, '002', '1247'),
(176, '003', '1250'),
(177, '004', '1294'),
(178, '005', '1197'),
(179, '006', '1310'),
(180, '007', '1304'),
(181, '008', '1210'),
(182, '009', '1220'),
(183, '010', '1211'),
(184, '011', '1324'),
(185, '012', '1247'),
(186, '013', '1177'),
(187, '014', '1331'),
(188, '015', '1231'),
(189, '016', '1264'),
(190, '017', '1287'),
(191, '018', '1203'),
(192, '019', '1272'),
(193, '022', '1199'),
(194, '025', '1304'),
(195, '429114465190', '9999'),
(196, '427978529631', '9999');

-- --------------------------------------------------------

--
-- Struktur dari tabel `tabel_siswa`
--

CREATE TABLE `tabel_siswa` (
  `id_siswa` varchar(15) NOT NULL,
  `nama_siswa` varchar(45) DEFAULT NULL,
  `alamat_siswa` varchar(500) DEFAULT NULL,
  `tempat_lahir_siswa` varchar(45) DEFAULT NULL,
  `tanggal_lahir_siswa` date DEFAULT NULL,
  `agama_siswa` enum('islam','kristen','katholik','hindu','budha','konghuchu','lainnya') DEFAULT NULL,
  `jenis_kelamin` enum('laki-laki','perempuan') DEFAULT NULL,
  `asal_sekolah_siswa` varchar(45) DEFAULT NULL,
  `tanggal_terdaftar_siswa` date DEFAULT NULL,
  `email_siswa` varchar(45) DEFAULT NULL,
  `hp_siswa` varchar(45) DEFAULT NULL,
  `warga_negara_siswa` varchar(45) DEFAULT NULL,
  `status_siswa` enum('aktif','tidak aktif') DEFAULT NULL,
  `foto_siswa` varchar(45) DEFAULT NULL,
  `nama_ortu_siswa` varchar(45) DEFAULT NULL,
  `alamat_ortu_siswa` varchar(500) DEFAULT NULL,
  `email_ortu_siswa` varchar(45) DEFAULT NULL,
  `hp_ortu_siswa` varchar(45) DEFAULT NULL
) ENGINE=InnoDB DEFAULT CHARSET=latin1;

--
-- Dumping data untuk tabel `tabel_siswa`
--

INSERT INTO `tabel_siswa` (`id_siswa`, `nama_siswa`, `alamat_siswa`, `tempat_lahir_siswa`, `tanggal_lahir_siswa`, `agama_siswa`, `jenis_kelamin`, `asal_sekolah_siswa`, `tanggal_terdaftar_siswa`, `email_siswa`, `hp_siswa`, `warga_negara_siswa`, `status_siswa`, `foto_siswa`, `nama_ortu_siswa`, `alamat_ortu_siswa`, `email_ortu_siswa`, `hp_ortu_siswa`) VALUES
('52023285', 'Brilliant Muhamad Imron', 'Kamp. Tengginah', 'Bangkalan', '2005-02-01', 'islam', 'laki-laki', 'SDN. Tanjung Jati 1', '1970-01-01', '', '085331455678', 'Indonesia', 'aktif', 'image/foto_siswa/foto_siswa_52023285.jpg', 'Mohammad Imron', 'Kamp. Tengginah', '703261635', '085331455678'),
('52396121', 'Laila Maghfiroh', 'WISMA JALAGATRA T.16', 'BANGKALAN', '2005-08-26', 'islam', 'perempuan', 'SDN. Tanjung Jati 2', '1970-01-01', '', '082332546997', 'Indonesia', 'aktif', 'image/foto_siswa/foto_siswa_52396121.jpg', 'BAHTIAR HAKA WIJAYA', 'WISMA JALAGATRA T.16', '126272887', '082332546997'),
('53645310', 'Zahra Nabila', 'Parseh ', 'Bangkalan ', '2005-12-31', 'islam', 'perempuan', 'SDN. Banyuajuh 9', '1970-01-01', '', '0', 'Indonesia', 'aktif', 'image/foto_siswa/foto_siswa_53645310.jpg', 'Sukandar ', 'Parseh ', '983373654', '0'),
('54135071', 'Kayla Nur Rahayuningtyas', 'Jl. Banyuajuh', 'SURABAYA', '2005-08-30', 'islam', 'perempuan', 'SDN. Banyuajuh 6', '1970-01-01', '', '085856214904', 'Indonesia', 'aktif', 'image/foto_siswa/foto_siswa_54135071.jpg', 'Jatmiko,S.Pd', 'Jl. Banyuajuh', '', '085856214904'),
('54482985', 'Dhaevita Amartika', 'Kmp. tengginah', 'Surabaya', '2005-03-11', 'islam', 'perempuan', 'SDN. Tanjung Jati 1', '1970-01-01', '', '0', 'Indonesia', 'aktif', 'image/foto_siswa/foto_siswa_54482985.jpg', 'SOEPRIJADI', 'Kmp. tengginah', '', '0'),
('54947120', 'Nashwa Aqeela Irtisa Rudin', 'Jl. Jeruk IX / 16', 'Cimahi', '2005-08-28', 'islam', 'perempuan', 'SDN. Banyuajuh 2', '1996-12-12', '', '0', 'Indonesia', 'aktif', 'image/foto_siswa/foto_siswa_54947120.jpg', 'Saparudin, SH', 'Jl. Jeruk IX / 16', '', '0'),
('56013362', 'Andi Kamaludin Iskandar Putra', 'Jl. Trunojoyo Gg. MIN', 'JOMBANG', '2005-10-01', 'islam', 'laki-laki', 'SDN. Banyuajuh 6', '1970-01-01', '', '08179302076', 'Indonesia', 'aktif', 'image/foto_siswa/foto_siswa_56013362.jpg', 'Iskandar Mustofa', 'Jl. Trunojoyo Gg. MIN', '', '08179302076'),
('56314487', 'Aulia Rohmatin Nur Laili', 'Jl. Karnadian', 'Bangkalan', '2005-03-07', 'islam', 'perempuan', 'SDN. Socah 2', '1970-01-01', '', '087750777087', 'Indonesia', 'aktif', 'image/foto_siswa/foto_siswa_56314487.jpg', 'Abd Rohim', 'Jl. Karnadian', '', '087750777087'),
('56425281', 'Maulana Rachmad Firdaus', 'PERUM GILI ANYAR 2000 AA 20', 'BANGKALAN', '2005-07-21', 'islam', 'laki-laki', 'SDN. Banyuajuh 3', '1970-01-01', '', '0', 'Indonesia', 'aktif', 'image/foto_siswa/foto_siswa_56425281.jpg', 'MUHAMMAD', 'PERUM GILI ANYAR 2000 AA 20', '', '0'),
('56549369', 'Nana Adelia Saputri', 'Taloon Permai Nlok N/12', 'Bangkalan', '2005-12-02', 'islam', 'perempuan', 'SDN> Banyuajuh 2', '1970-01-01', '', '0', 'Indonesia', 'aktif', 'image/foto_siswa/foto_siswa_56549369.jpg', 'Muchamad Nachroji', 'Taloon Permai Nlok N/12', '', '0'),
('56950270', 'Adhi Lazwar Ikromi', 'Kmp. Kamal Taloon', 'Bangkalan', '2005-06-15', 'islam', 'laki-laki', 'MIN 1 Bangkalan', '1996-12-12', '', '0', 'Indonesia', 'aktif', 'image/foto_siswa/foto_siswa_56950270.jpeg', 'Wiwin Febrianti', 'Kmp. Kamal Taloon', '', '0'),
('58024685', 'Sultan Larasya', 'KMP. TENGGINAH', 'SURABAYA', '2005-11-09', 'islam', 'laki-laki', 'SDN. Kamal 3', '1970-01-01', '', '0', 'Indonesia', 'aktif', 'image/foto_siswa/foto_siswa_58024685.jpg', 'IMAM SYAFII', 'KMP. TENGGINAH', '130858759', '0'),
('58646667', 'Afrizal Cahya Ramadhan', 'Talon permai Blok H NO.58', 'Bangkalan', '2005-10-24', 'islam', 'laki-laki', 'SDN. Banyuajuh 6', '1970-01-01', '', '08133239553', 'Indonesia', 'aktif', 'image/foto_siswa/foto_siswa_58646667.jpg', 'Miftahol Arifin', 'Talon permai Blok H NO.58', '', '08133239553'),
('59317789', 'Donny Dwi Julianto', 'Jl. Nangka XI / 94', 'Bangkalan', '2005-07-15', 'islam', 'laki-laki', 'SDN. Banyuajuh 2', '1970-01-01', '', '081357881354', 'Indonesia', 'aktif', 'image/foto_siswa/foto_siswa_59317789.jpg', 'Achmad Abdullah Mubarok', 'Jl. Nangka XI / 94', '', '081357881354'),
('62066469', 'Siti Aisyah Febriyanti', 'KMP. DEMANGAN', 'BANGKALAN', '2006-02-17', 'islam', 'perempuan', 'SDN. Kamal 3', '1970-01-01', '', '0', 'Indonesia', 'aktif', 'image/foto_siswa/foto_siswa_62066469.jpg', 'IMAM HARIYANTO', 'KMP. DEMANGAN', '87112441', '0'),
('62533694', 'Lailatul Qoderiyah', 'Kampung Baru', 'Bangkalan', '2006-10-25', 'islam', 'perempuan', 'SDN. Kamal 2', '1970-01-01', '', '0', 'Indonesia', 'aktif', 'image/foto_siswa/foto_siswa_62533694.jpg', 'Zainal Abidin', 'Kampung Baru', '', '0'),
('63629680', 'Nindy Maulidina', 'Talon Permai Blok D / 6', 'Bangkalan', '2006-04-11', 'islam', 'perempuan', 'SDN. Bnayuajuh 2', '1970-01-01', '', '085230564196', 'Indonesia', 'aktif', 'image/foto_siswa/foto_siswa_63629680.jpg', 'Suhartono', 'Talon Permai Blok D / 6', '', '085230564196'),
('64072145', 'Talitha Safa Putri Kurniawan', 'Jl. Nangka XII / 83', 'Bangkalan', '2006-08-03', 'islam', 'perempuan', 'SDN. Banyuajuh 2', '1970-01-01', '', '085648808879', 'Indonesia', 'aktif', 'image/foto_siswa/foto_siswa_64072145.jpg', 'Beny Kurniawan Puspita, SE', 'Jl. Nangka XII / 83', '', '085648808879'),
('64277501', 'Mohammad  Rafa Alifiar', 'Talon permai L/27', 'BANGKALAN', '2006-01-28', 'islam', 'laki-laki', 'SDN. Banyuajuh 6', '1970-01-01', '', '081231296333', 'Indonesia', 'aktif', 'image/foto_siswa/foto_siswa_64277501.jpg', 'MOHAMMAD RIZALDI', 'Talon permai L/27', '', '081231296333'),
('64908827', 'Muhammad Faza Sugiharto', 'JL. Jeruk no. 7 Perumnas Kamal', 'BANGKALAN', '2006-07-23', 'islam', 'laki-laki', 'SDN. Banyuajuh 2', '1996-12-12', '', '0', 'Indonesia', 'aktif', 'image/foto_siswa/foto_siswa_64908827.jpg', 'AGUS SUGIHARTO', 'JL. Jeruk no. 7 Perumnas Kamal', '', '0'),
('65062364', 'Nafa Maulidia', 'Perum Taloon Permai B/15', 'Surabaya', '2006-03-30', 'islam', 'perempuan', 'MIN 1 Bangkalan', '1970-01-01', '', '0', 'Indonesia', 'aktif', 'image/foto_siswa/foto_siswa_65062364.jpg', 'Titiek Iftitah', 'Perum Taloon Permai B/15', '', '0'),
('65144950', 'Raffi Akbar Kurniawan', 'Jl. jeruk Dalam 26 Perumnas', 'Bangkalan', '2006-07-23', 'islam', 'laki-laki', 'SDN. Banyuajuh 6', '1970-01-01', '', '085231535001', 'Indonesia', 'aktif', 'image/foto_siswa/foto_siswa_65144950.jpg', 'Abd. Rahman', 'Jl. jeruk Dalam 26 Perumnas', '', '085231535001'),
('65616491', 'Kurrotul A Yun', 'KH. Syadali Makhdi', 'BANGKALAN', '2006-11-01', 'islam', 'perempuan', 'SDN. Banyuajuh 9', '1996-12-12', '', '0', 'Indonesia', 'aktif', 'image/foto_siswa/foto_siswa_65616491.jpg', 'Moh. Romli', 'KH. Syadali Makhdi', '', '0'),
('65642031', 'Kautsaria Hikmawati', 'JL. BASIS TNI-AL NO.24', 'BANGKALAN', '2006-08-16', 'islam', 'perempuan', 'SDN. Tanjung Jati 2', '1970-01-01', '', '085330033375', 'Indonesia', 'aktif', 'image/foto_siswa/foto_siswa_65642031.jpg', 'HARTONO', 'JL. BASIS TNI-AL NO.24', '', '085330033375'),
('65937524', 'Siti Rosiati Octavia Anwaroh', 'Kampung Baru', 'Bangkalan', '2006-06-13', 'islam', 'perempuan', 'SDN. Kamal 2', '1970-01-01', '', '0', 'Indonesia', 'aktif', 'image/foto_siswa/foto_siswa_65937524.jpg', 'Hoirul Anwar', 'Kampung Baru', '', '0'),
('67623948', 'R. Muhammad Nouriz Zamrut Tauhidy', 'JL. DURIAN NO. 34', 'SURABAYA', '2006-12-09', 'islam', 'laki-laki', 'SDN. Banyuajuh 3', '1970-01-01', '', '081216403714', 'Indonesia', 'aktif', 'image/foto_siswa/foto_siswa_67623948.jpg', 'R. ABD. AZIZ', 'JL. DURIAN NO. 34', '', '081216403714'),
('67842325', 'Zahrah Nabila Fatah', 'Graha Kamal Permai Blok B 10 No. 1', 'Bangkalan', '2006-04-22', 'islam', 'perempuan', 'SDN. Banyuajuh 2', '1970-01-01', '', '0818393421', 'Indonesia', 'aktif', 'image/foto_siswa/foto_siswa_67842325.jpg', 'Zainal Fatah, SP', 'Graha Kamal Permai Blok B 10 No. 1', '', '0818393421'),
('68027554', 'Anggun Triandini', 'Jl. Sukun III / 3', 'Bangkalan', '2006-05-07', 'islam', 'perempuan', 'SDN. Banyuajuh 6', '1996-12-12', '', '0', 'Indonesia', 'aktif', 'image/foto_siswa/foto_siswa_68027554.jpg', 'Edi Armyanto', 'Jl. Sukun III / 3', '', '0'),
('68178713', 'Tiara Aprilia Putri', 'JL. RAMBUTAN NO. 3', 'SURABAYA', '2006-04-16', 'islam', 'perempuan', 'SDN. Banyuajuh 3', '1970-01-01', '', '081330537711', 'Indonesia', 'aktif', 'image/foto_siswa/foto_siswa_68178713.jpg', 'R. INDRA AGUS WEDY, SH', 'JL. RAMBUTAN NO. 3', '', '081330537711'),
('68462192', 'M. Kholilulloh', 'Karang Anyar', 'BANGKALAN', '2006-05-09', 'islam', 'laki-laki', 'SDN. Banyuajuh 5', '1996-12-12', '', '0', 'Indonesia', 'aktif', 'image/foto_siswa/foto_siswa_68462192.jpg', 'h. ach.ghazali', 'Karang Anyar', '', '0'),
('68622094', 'Erdina Dwi Afifah', 'Kamp. Penyantren', 'Nganjuk', '2006-05-31', 'islam', 'perempuan', 'SDN. Kamal 1', '1996-12-12', '', '0', 'Indonesia', 'aktif', 'image/foto_siswa/foto_siswa_68622094.jpg', 'Mohammad. Hafifi', 'Kamp. Penyantren', '193737717', '0'),
('69669421', 'Cut Camelia Assyifa Yuliardi', 'Jl. Jeruk Dalam No. 35 Perumnas Kamal', 'Bangkalan', '2006-06-22', 'islam', 'perempuan', 'MIN 1 Bangkalan', '1996-12-12', '', '0', 'Indonesia', 'aktif', 'image/foto_siswa/foto_siswa_69669421.jpg', 'Raudlatul Janna, S.Pd.I', 'Jl. Jeruk Dalam No. 35 Perumnas Kamal', '', '0');

-- --------------------------------------------------------

--
-- Struktur dari tabel `tabel_topup`
--

CREATE TABLE `tabel_topup` (
  `id_topup` int(45) NOT NULL,
  `id_siswa` varchar(15) DEFAULT NULL,
  `tanggal_topup` date DEFAULT NULL,
  `nominal` int(11) DEFAULT NULL
) ENGINE=InnoDB DEFAULT CHARSET=latin1;

--
-- Dumping data untuk tabel `tabel_topup`
--

INSERT INTO `tabel_topup` (`id_topup`, `id_siswa`, `tanggal_topup`, `nominal`) VALUES
(30, '52023285', '2020-01-20', 50000),
(31, '52396121', '2020-01-20', 50000),
(32, '53645310', '2020-01-20', 50000),
(33, '54135071', '2020-01-20', 50000),
(34, '54482985', '2020-01-20', 50000),
(35, '54947120', '2020-01-20', 50000),
(36, '56013362', '2020-01-20', 50000),
(37, '56314487', '2020-01-20', 50000),
(38, '56425281', '2020-01-20', 50000),
(39, '56549369', '2020-01-20', 50000),
(40, '56950270', '2020-01-20', 50000),
(41, '58024685', '2020-01-20', 50000),
(42, '58646667', '2020-01-20', 50000),
(43, '59317789', '2020-01-20', 50000),
(44, '62066469', '2020-01-20', 50000),
(45, '62533694', '2020-01-20', 50000),
(46, '63629680', '2020-01-20', 50000),
(47, '64072145', '2020-01-20', 50000),
(48, '64277501', '2020-01-20', 50000),
(49, '64908827', '2020-01-20', 50000),
(50, '65062364', '2020-01-20', 50000),
(51, '65144950', '2020-01-20', 50000),
(52, '65616491', '2020-01-20', 50000),
(53, '65642031', '2020-01-20', 50000),
(54, '65937524', '2020-01-20', 50000),
(55, '67623948', '2020-01-20', 50000),
(56, '67842325', '2020-01-20', 50000),
(57, '68027554', '2020-01-20', 50000),
(58, '68178713', '2020-01-20', 50000),
(59, '68462192', '2020-01-20', 50000),
(60, '68622094', '2020-01-20', 50000),
(61, '69669421', '2020-01-20', 50000),
(62, '53645310', '2020-02-07', 100000);

-- --------------------------------------------------------

--
-- Struktur dari tabel `tabel_user`
--

CREATE TABLE `tabel_user` (
  `id_user` varchar(45) NOT NULL,
  `id_level` int(11) DEFAULT NULL,
  `password` varchar(45) DEFAULT NULL
) ENGINE=InnoDB DEFAULT CHARSET=latin1;

--
-- Dumping data untuk tabel `tabel_user`
--

INSERT INTO `tabel_user` (`id_user`, `id_level`, `password`) VALUES
('52023285', 2, '52023285'),
('52396121', 2, '52396121'),
('53645310', 2, '53645310'),
('54135071', 2, '54135071'),
('54482985', 2, '54482985'),
('54947120', 2, '54947120'),
('56013362', 2, '56013362'),
('56314487', 2, '56314487'),
('56425281', 2, '56425281'),
('56549369', 2, '56549369'),
('56950270', 2, '56950270'),
('58024685', 2, '58024685'),
('58646667', 2, '58646667'),
('59317789', 2, '59317789'),
('62066469', 2, '62066469'),
('62533694', 2, '62533694'),
('63629680', 2, '63629680'),
('64072145', 2, '64072145'),
('64277501', 2, '64277501'),
('64908827', 2, '64908827'),
('65062364', 2, '65062364'),
('65144950', 2, '65144950'),
('65616491', 2, '65616491'),
('65642031', 2, '65642031'),
('65937524', 2, '65937524'),
('67623948', 2, '67623948'),
('67842325', 2, '67842325'),
('68027554', 2, '68027554'),
('68178713', 2, '68178713'),
('68462192', 2, '68462192'),
('68622094', 2, '68622094'),
('69669421', 2, '69669421'),
('admin', 1, 'admin'),
('admin2', 1, 'admin2'),
('ortu52023285', 3, 'ortu52023285'),
('ortu52396121', 3, 'ortu52396121'),
('ortu53645310', 3, 'ortu53645310'),
('ortu54135071', 3, 'ortu54135071'),
('ortu54482985', 3, 'ortu54482985'),
('ortu54947120', 3, 'ortu54947120'),
('ortu56013362', 3, 'ortu56013362'),
('ortu56314487', 3, 'ortu56314487'),
('ortu56425281', 3, 'ortu56425281'),
('ortu56549369', 3, 'ortu56549369'),
('ortu56950270', 3, 'ortu56950270'),
('ortu58024685', 3, 'ortu58024685'),
('ortu58646667', 3, 'ortu58646667'),
('ortu59317789', 3, 'ortu59317789'),
('ortu62066469', 3, 'ortu62066469'),
('ortu62533694', 3, 'ortu62533694'),
('ortu63629680', 3, 'ortu63629680'),
('ortu64072145', 3, 'ortu64072145'),
('ortu64277501', 3, 'ortu64277501'),
('ortu64908827', 3, 'ortu64908827'),
('ortu65062364', 3, 'ortu65062364'),
('ortu65144950', 3, 'ortu65144950'),
('ortu65616491', 3, 'ortu65616491'),
('ortu65642031', 3, 'ortu65642031'),
('ortu65937524', 3, 'ortu65937524'),
('ortu67623948', 3, 'ortu67623948'),
('ortu67842325', 3, 'ortu67842325'),
('ortu68027554', 3, 'ortu68027554'),
('ortu68178713', 3, 'ortu68178713'),
('ortu68462192', 3, 'ortu68462192'),
('ortu68622094', 3, 'ortu68622094'),
('ortu69669421', 3, 'ortu69669421');

--
-- Indexes for dumped tables
--

--
-- Indeks untuk tabel `tabel_absensi`
--
ALTER TABLE `tabel_absensi`
  ADD PRIMARY KEY (`no`),
  ADD KEY `id_siswa` (`id_siswa`),
  ADD KEY `id_jadwal` (`id_jadwal`);

--
-- Indeks untuk tabel `tabel_buku`
--
ALTER TABLE `tabel_buku`
  ADD PRIMARY KEY (`id_buku`);

--
-- Indeks untuk tabel `tabel_jadwal`
--
ALTER TABLE `tabel_jadwal`
  ADD PRIMARY KEY (`id_jadwal`),
  ADD KEY `tabel_jadwal_ibfk_1` (`mata_pelajaran`);

--
-- Indeks untuk tabel `tabel_kelas`
--
ALTER TABLE `tabel_kelas`
  ADD PRIMARY KEY (`no`);

--
-- Indeks untuk tabel `tabel_level`
--
ALTER TABLE `tabel_level`
  ADD PRIMARY KEY (`id_level`);

--
-- Indeks untuk tabel `tabel_makanan`
--
ALTER TABLE `tabel_makanan`
  ADD PRIMARY KEY (`id_makanan`);

--
-- Indeks untuk tabel `tabel_mata_pelajaran`
--
ALTER TABLE `tabel_mata_pelajaran`
  ADD PRIMARY KEY (`no`);

--
-- Indeks untuk tabel `tabel_pembagian_kelas`
--
ALTER TABLE `tabel_pembagian_kelas`
  ADD PRIMARY KEY (`no`),
  ADD KEY `kelas` (`kelas`),
  ADD KEY `id_siswa` (`id_siswa`);

--
-- Indeks untuk tabel `tabel_pembelian_makanan`
--
ALTER TABLE `tabel_pembelian_makanan`
  ADD PRIMARY KEY (`no`);

--
-- Indeks untuk tabel `tabel_peminjaman_buku`
--
ALTER TABLE `tabel_peminjaman_buku`
  ADD PRIMARY KEY (`id_peminjaman`),
  ADD KEY `id_siswa` (`id_siswa`);

--
-- Indeks untuk tabel `tabel_rfid`
--
ALTER TABLE `tabel_rfid`
  ADD PRIMARY KEY (`id_rfid`),
  ADD KEY `id_siswa` (`id_siswa`);

--
-- Indeks untuk tabel `tabel_rfid_buku`
--
ALTER TABLE `tabel_rfid_buku`
  ADD PRIMARY KEY (`no`),
  ADD UNIQUE KEY `rfid` (`rfid`) USING BTREE,
  ADD KEY `id_buku` (`id_buku`) USING BTREE;

--
-- Indeks untuk tabel `tabel_siswa`
--
ALTER TABLE `tabel_siswa`
  ADD PRIMARY KEY (`id_siswa`);

--
-- Indeks untuk tabel `tabel_topup`
--
ALTER TABLE `tabel_topup`
  ADD PRIMARY KEY (`id_topup`),
  ADD KEY `id_siswa` (`id_siswa`);

--
-- Indeks untuk tabel `tabel_user`
--
ALTER TABLE `tabel_user`
  ADD PRIMARY KEY (`id_user`),
  ADD KEY `id_level` (`id_level`);

--
-- AUTO_INCREMENT untuk tabel yang dibuang
--

--
-- AUTO_INCREMENT untuk tabel `tabel_absensi`
--
ALTER TABLE `tabel_absensi`
  MODIFY `no` int(11) NOT NULL AUTO_INCREMENT, AUTO_INCREMENT=995;

--
-- AUTO_INCREMENT untuk tabel `tabel_jadwal`
--
ALTER TABLE `tabel_jadwal`
  MODIFY `id_jadwal` int(11) NOT NULL AUTO_INCREMENT, AUTO_INCREMENT=72;

--
-- AUTO_INCREMENT untuk tabel `tabel_kelas`
--
ALTER TABLE `tabel_kelas`
  MODIFY `no` int(11) NOT NULL AUTO_INCREMENT, AUTO_INCREMENT=9;

--
-- AUTO_INCREMENT untuk tabel `tabel_mata_pelajaran`
--
ALTER TABLE `tabel_mata_pelajaran`
  MODIFY `no` int(11) NOT NULL AUTO_INCREMENT, AUTO_INCREMENT=33;

--
-- AUTO_INCREMENT untuk tabel `tabel_pembagian_kelas`
--
ALTER TABLE `tabel_pembagian_kelas`
  MODIFY `no` int(11) NOT NULL AUTO_INCREMENT, AUTO_INCREMENT=40;

--
-- AUTO_INCREMENT untuk tabel `tabel_pembelian_makanan`
--
ALTER TABLE `tabel_pembelian_makanan`
  MODIFY `no` int(11) NOT NULL AUTO_INCREMENT, AUTO_INCREMENT=331;

--
-- AUTO_INCREMENT untuk tabel `tabel_peminjaman_buku`
--
ALTER TABLE `tabel_peminjaman_buku`
  MODIFY `id_peminjaman` int(11) NOT NULL AUTO_INCREMENT, AUTO_INCREMENT=149;

--
-- AUTO_INCREMENT untuk tabel `tabel_rfid_buku`
--
ALTER TABLE `tabel_rfid_buku`
  MODIFY `no` int(11) NOT NULL AUTO_INCREMENT, AUTO_INCREMENT=197;

--
-- AUTO_INCREMENT untuk tabel `tabel_topup`
--
ALTER TABLE `tabel_topup`
  MODIFY `id_topup` int(45) NOT NULL AUTO_INCREMENT, AUTO_INCREMENT=63;

--
-- Ketidakleluasaan untuk tabel pelimpahan (Dumped Tables)
--

--
-- Ketidakleluasaan untuk tabel `tabel_absensi`
--
ALTER TABLE `tabel_absensi`
  ADD CONSTRAINT `tabel_absensi_ibfk_2` FOREIGN KEY (`id_siswa`) REFERENCES `tabel_siswa` (`id_siswa`),
  ADD CONSTRAINT `tabel_absensi_ibfk_3` FOREIGN KEY (`id_jadwal`) REFERENCES `tabel_jadwal` (`id_jadwal`);

--
-- Ketidakleluasaan untuk tabel `tabel_pembagian_kelas`
--
ALTER TABLE `tabel_pembagian_kelas`
  ADD CONSTRAINT `tabel_pembagian_kelas_ibfk_1` FOREIGN KEY (`kelas`) REFERENCES `tabel_kelas` (`no`),
  ADD CONSTRAINT `tabel_pembagian_kelas_ibfk_2` FOREIGN KEY (`id_siswa`) REFERENCES `tabel_siswa` (`id_siswa`);

--
-- Ketidakleluasaan untuk tabel `tabel_peminjaman_buku`
--
ALTER TABLE `tabel_peminjaman_buku`
  ADD CONSTRAINT `tabel_peminjaman_buku_ibfk_1` FOREIGN KEY (`id_siswa`) REFERENCES `tabel_siswa` (`id_siswa`);

--
-- Ketidakleluasaan untuk tabel `tabel_rfid`
--
ALTER TABLE `tabel_rfid`
  ADD CONSTRAINT `tabel_rfid_ibfk_1` FOREIGN KEY (`id_siswa`) REFERENCES `tabel_siswa` (`id_siswa`);

--
-- Ketidakleluasaan untuk tabel `tabel_rfid_buku`
--
ALTER TABLE `tabel_rfid_buku`
  ADD CONSTRAINT `coba` FOREIGN KEY (`id_buku`) REFERENCES `tabel_buku` (`id_buku`);

--
-- Ketidakleluasaan untuk tabel `tabel_topup`
--
ALTER TABLE `tabel_topup`
  ADD CONSTRAINT `tabel_topup_ibfk_1` FOREIGN KEY (`id_siswa`) REFERENCES `tabel_siswa` (`id_siswa`);

--
-- Ketidakleluasaan untuk tabel `tabel_user`
--
ALTER TABLE `tabel_user`
  ADD CONSTRAINT `tabel_user_ibfk_1` FOREIGN KEY (`id_level`) REFERENCES `tabel_level` (`id_level`);
COMMIT;

/*!40101 SET CHARACTER_SET_CLIENT=@OLD_CHARACTER_SET_CLIENT */;
/*!40101 SET CHARACTER_SET_RESULTS=@OLD_CHARACTER_SET_RESULTS */;
/*!40101 SET COLLATION_CONNECTION=@OLD_COLLATION_CONNECTION */;
